Workbook

Sheet UFLS (Cat1&Cat2)
A1: UNDER-FREQUENCY LOAD SHEDDING (UFLS) REVISION 2024
A2: Assignment | B2: GM - Subzone | C2: Substation | D2: Mnemonic | E2: kV | F2: Assigned Feeders | G2: CB | H2: Freq1 | I2: Delay1 (s) | J2: Freq2 | K2: Delay2 (s) | L2: MW Quantum 2024 | M2: Load Area Affected | N2: UFLS 2024 Review Remarks
A3: =CONCATENATE("Stage: Ride Through " & CHAR(10) &"Total load: ",ROUND(SUM(L3:L16),0),"MW") -> Stage: Ride Through Total load: 311MW | B3: Kuantan | C3: Gebeng Industri | D3: GBID | E3: 132 | F3: KSTL 1 & 2 | G3: 105 & 405 | H3: 49.3 | I3: 0 | J3: n/a | K3: n/a | L3: 0 | M3: KSTL load
B4: Johor Bahru | C4: Tanjung Langsat | D4: TLST | E4: 132 | F4: TLTP (Titan Petrochemicals) | G4: 505 | H4: 49.3 | I4: 0 | J4: n/a | K4: n/a | L4: 26 | M4: TLTP
B5: Johor Bahru | C5: Pasir Gudang Darat | D5: PGDT | E5: 132 | F5: TTAN 1 & 2 | G5: 905 & 1005 | H5: 49.3 | I5: 0 | J5: n/a | K5: n/a | L5: 28 | M5: TTAN
B6: Johor Bahru | C6: Pasir Gudang Ind Est | D6: PGIE | E6: 132 | F6: ASTM 1 & 2 | G6: 805 & 905 | H6: 49.3 | I6: 0 | J6: n/a | K6: n/a | L6: 2 | M6: ASTM
B7: Johor Bahru | C7: Tanjung Langsat Industrial Estate | D7: TLIE | E7: 275 | F7: BSTL 1 & 2 | G7: L15 & L25 | H7: 49.3 | I7: 0 | J7: n/a | K7: n/a | L7: 7 | M7: BSTL
B8: Kuantan | C8: Tanjung Gelang | D8: TGLN | E8: 132 | F8: JDSI 1 & 2 | G8: 505 & 605 | H8: 49.3 | I8: 0 | J8: n/a | K8: n/a | L8: 0 | M8: JDSI
B9: Dungun | C9: Telok Kalong | D9: TKLG | E9: 275 | F9: Perwaja 1 & 2 | G9: L15 & L25 | H9: 49.3 | I9: 1 | J9: n/a | K9: n/a | L9: 0 | M9: PWSM
B10: Selangor | C10: Olak Lempit | D10: OLPT | E10: 275 | F10: MGST 1 & 2 | G10: L75 & L85 | H10: 49.3 | I10: 0 | J10: n/a | K10: n/a | L10: 25 | M10: MGST
B11: Selangor | C11: Bukit Raja GIS | D11: BRGS | E11: 132 | F11: ASMB 1 & 2 | G11: 11130, 11230, 11330 | H11: 49.3 | I11: 0 | J11: n/a | K11: n/a | L11: 44 | M11: ASMB
B12: Selangor | C12: Bukit Raja GIS | D12: BRGS | E12: 132 | F12: MSWK | G12: 7130, 7230 | H12: 49.3 | I12: 0 | J12: n/a | K12: n/a | L12: 60 | M12: MSWK
B13: Perda | C13: Bukit Tengah | D13: BTGH | E13: 132 | F13: SRON 2 | G13: 905 | H13: 49.3 | I13: 0 | J13: n/a | K13: n/a | L13: 50 | M13: SRON 905 only
B14: Perda | C14: Bedong | D14: BDNG | E14: 275 | F14: PWGR 1 & 2 feeders | G14: L35 & L45 | H14: 49.3 | I14: 0 | J14: n/a | K14: n/a | L14: 6 | M14: PWGR
B15: Perda | C15: Prai Industrial | D15: PRID | E15: 132 | F15: SRON & SRNW | G15: 505 & 605 | H15: 49.3 | I15: 0 | J15: n/a | K15: n/a | L15: 17 | M15: SRON & SRNW
B16: Perda | C16: SKS Prai | D16: SKSP | E16: 132 | F16: MWTA 1 & 2 | G16: 105 & 205 | H16: 49.3 | I16: 0 | J16: n/a | K16: n/a | L16: 46 | M16: MWTA
A17: =CONCATENATE("Stage 1: 49.2Hz " & CHAR(10) &"Total load: ",ROUND(SUM(L17:L37),0),"MW") -> Stage 1: 49.2Hz Total load: 1001MW | B17: Johor Bahru | C17: Cahaya Baru | D17: CBRU | E17: 22 | F17: 132/22kV T1 & T2 | G17: 1T0 & 2T0 | H17: 49.2 | I17: 0 | J17: n/a | K17: n/a | L17: 21.3659 | M17: CBRU 22kV
B18: Johor Bahru | C18: Pasir Gudang Darat | D18: PGDT | E18: 22 | F18: 132/22kV T1 & T2 | G18: 1T0 & 2T0 | H18: 49.2 | I18: 0 | J18: n/a | K18: n/a | L18: 21.8789 | M18: PGDT 22kV
B19: Johor Bahru | C19: Tampoi Industries | D19: TMPI | E19: 33 | F19: 132/33kV T1 & T2 | G19: 1T0 & 2T0 | H19: 49.2 | I19: 0 | J19: n/a | K19: n/a | L19: 64.0768 | M19: TMPI 33kV
B20: Perda | C20: Sungai Ara (GIS) | D20: SARA | E20: 33 | F20: 132/33kV T1 & T2 | G20: 1T0 & 2T0 | H20: 49.2 | I20: 0 | J20: n/a | K20: n/a | L20: 41.5461 | M20: SARA 33kV
B21: Kuantan | C21: Pekan Industri AIP | D21: PKNI | E21: 33 | F21: 132/33kV T1 & T2 | G21: 1T0 & 2T1 | H21: 49.2 | I21: 0 | J21: n/a | K21: n/a | L21: 18.5562 | M21: PKNI 33kV
B22: Ayer Keroh | C22: Hicom Pegoh | D22: HPGH | E22: 33 | F22: 132/33kV T1 & T2 | G22: 1T0 & 2T0 | H22: 49.2 | I22: 0 | J22: n/a | K22: n/a | L22: 15.3861 | M22: HPGH 33kV
B23: Seremban | C23: Enstek | D23: ESTK | E23: 33 | F23: 132/33kV T1 & T2 | G23: 1T0 & 2T0 | H23: 49.2 | I23: 0 | J23: n/a | K23: n/a | L23: 36.4197 | M23: ESTK 33kV
B24: Seremban | C24: Kg. Repah | D24: KRPH | E24: 11 | F24: 132/11kV T1 & T2 | G24: 30 & 32 | H24: 49.2 | I24: 0 | J24: n/a | K24: n/a | L24: 20.2233 | M24: KRPH 11kV
B25: Ipoh | C25: Pengkalan Industri | D25: PKID | E25: 11 | F25: 132/11kV T1 & T2 | G25: 31 & 32 | H25: 49.2 | I25: 0 | J25: n/a | K25: n/a | L25: 21.5372 | M25: PKID 11kV
B26: Ipoh | C26: Pengkalan Industri | D26: PKID | E26: 33 | F26: 132/33kV T3 & T4 | G26: 3T0 & 4T0 | H26: 49.2 | I26: 0 | J26: n/a | K26: n/a | L26: 25.2821 | M26: PKID 33kV
B27: Ipoh | C27: Kinta Valley Resort | D27: KVRT | E27: 33 | F27: 132/33kV T3 & T4 | G27: 3T0, 4T0 & 1W0 | H27: 49.2 | I27: 0 | J27: n/a | K27: n/a | L27: 61.5771 | M27: KVRT 33 kV
B28: Ipoh | C28: Menglembu | D28: MLBU | E28: 33 | F28: 132/33kV T3 & T4 | G28: 3T0 & 4T0 | H28: 49.2 | I28: 0 | J28: n/a | K28: n/a | L28: 83.9211 | M28: MLBU 33kV
B29: Selangor | C29: Setia Alam | D29: STIA | E29: 33 | F29: 132/33kV T1 & T2 | G29: 1T0 & 2T1 | H29: 49.2 | I29: 0 | J29: n/a | K29: n/a | L29: 76.0234 | M29: STIA 33kV
... B37: Alor Setar | C37: Pauh | D37: PAUH | E37: 33 | F37: 132/33kV T1 & T2 | G37: 1T0 & 2T0 | H37: 49.2 | I37: 0 | J37: n/a | K37: n/a | L37: 42.691 | M37: PAUH 33kV
A38: =CONCATENATE("Stage 2: 49.1Hz " & CHAR(10) &"Total load: ",ROUND(SUM(L38:L56),0),"MW") -> Stage 2: 49.1Hz Total load: 801MW | B38: Ipoh | C38: Temoh | D38: TMOH | E38: 33 | F38: 132/33kV T3 & T4 | G38: 3T0 & 4T0 | H38: 49.1 | I38: 0 | J38: n/a | K38: n/a | L38: 22.3732 | M38: TMOH 33kV
B39: Ipoh | C39: Kelebang | D39: KLBG | E39: 33 | F39: 132/33kV T3 & T4 | G39: 3T0, 4T0 & 1W0 | H39: 49.1 | I39: 0 | J39: n/a | K39: n/a | L39: 24.6724 | M39: KLBG 33kV
B40: Ipoh | C40: New Khantan | D40: NKAN | E40: 33 | F40: 132/33kV T1 & T2 | G40: 1T0 & 2T0 | H40: 49.1 | I40: 0 | J40: n/a | K40: n/a | L40: 32.1433 | M40: NKAN 33kV
B41: Ipoh | C41: Tasik | D41: TASK | E41: 33 | F41: 132/33kV T1 & T2 | G41: 1T0 & 2T0 | H41: 49.1 | I41: 0 | J41: n/a | K41: n/a | L41: 8.5343 | M41: TASK 22kV
B42: Kuala Lumpur | C42: SPPK Cheras | D42: SPKC | E42: 33 | F42: 132/33kV T3 & T4 & T5 | G42: 3T0 & 4T0 & 1W0 & 5T0 | H42: 49.1 | I42: 0 | J42: n/a | K42: n/a | L42: 123.2475 | M42: SPKC 33kV
B43: Kuala Lumpur | C43: National University | D43: NUNI | E43: 11 | F43: 132/11kV T1 & T2 | G43: 31 & 32 | H43: 49.1 | I43: 0 | J43: n/a | K43: n/a | L43: 24.5161 | M43: NUNI 11kV
B44: Johor Bahru | C44: Plentong | D44: PLTG | E44: 230 | F44: WAV8 1 & 2 | G44: H10 & H20 | H44: 49.1 | I44: 0 | J44: n/a | K44: n/a | L44: - | M44: TNB-Singapore Interconnection
B45: Johor Bahru | C45: Tebrau | D45: TBRU | E45: 22 | F45: 132/22kV T1 & T2 | G45: 1T0 & 2T0 | H45: 49.1 | I45: 0 | J45: n/a | K45: n/a | L45: 29.3428 | M45: TBRU 22kV
B46: Kuantan | C46: Kampung Awah | D46: KAWA | E46: 132 | F46: KRYG 1 & 2 | G46: 305 & 405 | H46: 49.1 | I46: 0 | J46: n/a | K46: n/a | L46: 30 | M46: KRYG
B47: Seremban | C47: Tuanku Jaafar (GIS) | D47: TJGS | E47: 132 | F47: SHEL 1 & 2 | G47: 505 & 605 | H47: 49.1 | I47: 0 | J47: n/a | K47: n/a | L47: 36 | M47: SHELL
B48: Selangor | C48: Hicom | D48: HCOM | E48: 33 | F48: 132/33kV T1 & T2 | G48: 1T0 & 2T0 | H48: 49.1 | I48: 0 | J48: n/a | K48: n/a | L48: 77.918 | M48: HCOM 33 kV
B49: Selangor | C49: Shah Alam East | D49: SHAE | E49: 33 | F49: 132/33kV T3 & T4 & T5 | G49: 3T0 & 4T0 & 5T0 | H49: 49.1 | I49: 0 | J49: n/a | K49: n/a | L49: 72.8698 | M49: SHAE 33kV
B50: Selangor | C50: Shah Alam South | D50: SHAS | E50: 33 | F50: 132/33kV T1 & T2 | G50: 1T0 & 2T0 | H50: 49.1 | I50: 0 | J50: n/a | K50: n/a | L50: 64 | M50: SHAS 33kV
B51: Kota Bharu | C51: Panchor | D51: PCOR | E51: 33 | F51: 132/33kV T2 & T3 & T4 | G51: 2T0, 3T0 & 4T0 | H51: 49.1 | I51: 0 | J51: n/a | K51: n/a | L51: 67.9031 | M51: PCOR 33kV | N51: Category 2: New assignment (to include 2T0)
B52: Kluang | C52: Johor Tengah | D52: JTGH | E52: 11 | F52: 132/11kV T1 & T2 | G52: 31 & 32 | H52: 49.1 | I52: 0 | J52: n/a | K52: n/a | L52: 20.2863 | M52: JTGH 11kV
B53: Perda | C53: Seberang Jaya | D53: SJAY | E53: 33 | F53: 132/33kV T1 & T2 | G53: 1T0 & 2T0 | H53: 49.1 | I53: 0 | J53: n/a | K53: n/a | L53: 74.3213 | M53: SJAY 33kV
B54: Perda | C54: Taman Intan | D54: INTN | E54: 33 | F54: 132/33kV T3 & T4 | G54: 3T0&4T0 | H54: 49.1 | I54: 0 | J54: n/a | K54: n/a | L54: 51.9714 | M54: INTN 33kV
B55: Perda | C55: Taman Intan | D55: INTN | E55: 11 | F55: 132/11kV T1 & T2 | G55: 31&32 | H55: 49.1 | I55: 0 | J55: n/a | K55: n/a | L55: 31.6547 | M55: INTN 22kV
B56: Ayer Keroh | C56: Malacca Power Station | D56: MPSS | E56: 11 | F56: 132/11kV T1 & T2 | G56: 31 & 32 | H56: 49.1 | I56: 0 | J56: n/a | K56: n/a | L56: 9.404 | M56: MPSS 11kV
A57: =CONCATENATE("Stage 3: 49.0Hz " & CHAR(10) &"Total load: ",ROUND(SUM(L57:L73),0),"MW") -> Stage 3: 49.0Hz Total load: 977MW | B57: Kota Bharu | C57: Tunjung | D57: TJUG | E57: 33 | F57: 132/33kV T1 & T2 | G57: 1T0 & 2T0 | H57: 49 | I57: 0 | J57: n/a | K57: n/a | L57: 60 | M57: TJUG 33kV | N57: Category 2: New assignment (replacement for TMRH: KKRI & MACG defeated due to LSS in the pocket load)
B58: Ayer Keroh | C58: Malim Jaya | D58: MJYA | E58: 11 | F58: 132/11kV T1 & T2 | G58: 31 & 32 | H58: 49 | I58: 0 | J58: n/a | K58: n/a | L58: 26.877 | M58: MJYA 11kV
B59: Ayer Keroh | C59: Muar | D59: MUAR | E59: 11 | F59: 132/11kV T2 & T3 | G59: 32 & 33 | H59: 49 | I59: 0 | J59: n/a | K59: n/a | L59: 32.3916 | M59: MUAR 11kV
B60: Selangor | C60: Bukit Rajah | D60: BRGS | E60: 11 | F60: 132/11kV T1 & T2 | G60: 31 & 32 | H60: 49 | I60: 0 | J60: n/a | K60: n/a | L60: 18.9852 | M60: BRGS 11 kV
B61: Selangor | C61: Port Klang P/S | D61: PKLG | E61: 132 | F61: IGBK 1 & 2 | G61: 705 & 805 | H61: 49 | I61: 0 | J61: n/a | K61: n/a | L61: 130 | M61: IGBK & NKST
B62: Selangor | C62: Bukit Beruntung | D62: BBTG | E62: 33 | F62: 132/33kV T3 & T4 | G62: 3T0 & 4T0 | H62: 49 | I62: 0 | J62: n/a | K62: n/a | L62: 41.8364 | M62: BBTG 33kV
B63: Kuantan | C63: Bandar Indra Mahkota | D63: BIMK | E63: 11 | F63: 132/11kV T1 & T2 | G63: 31 & 32 | H63: 49 | I63: 0 | J63: n/a | K63: n/a | L63: 28.0406 | M63: BIMK 11kV
B64: Kuantan | C64: Bandar Indra Mahkota | D64: BIMK | E64: 33 | F64: 132/33kV T3 & T4 | G64: 3T0 & 4T0 | H64: 49 | I64: 0 | J64: n/a | K64: n/a | L64: 98.0819 | M64: BIMK 33kV
B65: Kuantan | C65: Bentong | D65: BNTG | E65: 11 | F65: 132/11kV T1 & T2 | G65: 31 & 32 | H65: 49 | I65: 0 | J65: n/a | K65: n/a | L65: 23.208 | M65: BNTG 11kV
B66: Perda | C66: Butterworth North | D66: BWTN | E66: 33 | F66: 132/33 kV T1 & T2 | G66: 1T0 & 2T0 | H66: 49 | I66: 0 | J66: n/a | K66: n/a | L66: 92 | M66: BWTN 33kV
B67: Perda | C67: Butterworth North | D67: BWTN | E67: 11 | F67: 132/11kV T5 | G67: 35 | H67: 49 | I67: 0 | J67: n/a | K67: n/a | L67: 0 | M67: BWTN 11kV
B68: Perda | C68: Prai GIS | D68: PRGS | E68: 33 | F68: 132/33kV T3 & T4 | G68: 3T0 & 4T0 | H68: 49 | I68: 0 | J68: n/a | K68: n/a | L68: 61.6121 | M68: PRGS 33 kV
B69: Kuala Lumpur | C69: Serdang Raya | D69: SRDR | E69: 33 | F69: 132/33kV T1 & T2 | G69: 1T0 & 2T0 | H69: 49 | I69: 0 | J69: n/a | K69: n/a | L69: 85.1885 | M69: SRDR 33kV
B70: Kuala Lumpur | C70: Ampang GIS | D70: AMPG | E70: 33 | F70: 132/33kV T3 & T4 | G70: 3T0 & 4T0 | H70: 49 | I70: 0 | J70: n/a | K70: n/a | L70: 75.8672 | M70: AMPG T3&T4
B71: Kuala Lumpur | C71: Air Hitam | D71: AHTM | E71: 33 | F71: 132/33kV T1 & T2 | G71: 1T0 & 2T0 | H71: 49 | I71: 0 | J71: n/a | K71: n/a | L71: 65.0735 | M71: AHTM 33kV
B72: Kuala Lumpur | C72: Bukit Jalil | D72: BJLL | E72: 33 | F72: 132/33kV T1 & T2 | G72: 1T0 & 2T0 | H72: 49 | I72: 0 | J72: n/a | K72: n/a | L72: 85.6804 | M72: BJLL 33kV
B73: Kuala Lumpur | C73: Balakong | D73: BLKG | E73: 33 | F73: 132/33kV T3 & T4 | G73: 3T0 & 4T0 | H73: 49 | I73: 0 | J73: n/a | K73: n/a | L73: 52.1303 | M73: BLKG 33 kV
A74: =CONCATENATE("Stage 4: 48.9Hz " & CHAR(10) &"Total load: ",ROUND(SUM(L74:L86),0),"MW") -> Stage 4: 48.9Hz Total load: 754MW | B74: Kota Bharu | C74: Kota Bharu | D74: KBRU | E74: 33 | F74: 132/33kV T1 & T3 & T5 | G74: 1T0 & 3T0 & 5T0 | H74: 48.9 | I74: 0 | J74: n/a | K74: n/a | L74: 82.5745 | M74: KBRU 33kV
B75: Selangor | C75: PJ South | D75: PJST | E75: 33 | F75: 132/33kV T1 & T2 | G75: 1T0 & 2T0 | H75: 48.9 | I75: 0 | J75: n/a | K75: n/a | L75: 65.7207 | M75: PJST 33 kV | N75: Category 1: Reassignment of operating stage (Freq1: 48.8Hz --> 48.9Hz)
B76: Kluang | C76: Pasir Gudang Town Centre | D76: PGTC | E76: 33 | F76: 132/33kV T1 & T2 | G76: 1T0 & 2T0 | H76: 48.9 | I76: 0 | J76: n/a | K76: n/a | L76: 111.1269 | M76: PGTC 33kV | N76: Category 1: Reassignment of operating stage (Freq1: 49.2Hz --> 48.9Hz)
B77: Johor Bahru | C77: Pasir Gudang Ind Est | D77: PGIE | E77: 22 | F77: 132/22kV T1 & T2 | G77: 1T0 & 2T0 | H77: 48.9 | I77: 0 | J77: n/a | K77: n/a | L77: 37.2708 | M77: PGIE 22kV
B78: Johor Bahru | C78: Pasir Gudang Ind Est | D78: PGIE | E78: 22 | F78: 132/22kV T3 | G78: 3T0 | H78: 48.9 | I78: 0 | J78: n/a | K78: n/a | L78: 15.0562 | M78: PGIE 22kV
B79: Selangor | C79: Puchong Jaya | D79: PCHJ | E79: 33 | F79: 132/33kV T1 & T2 | G79: 1T0 & 2T0 | H79: 48.9 | I79: 0 | J79: n/a | K79: n/a | L79: 83.0514 | M79: PCHJ 33kV
B80: Selangor | C80: New Subang Uda | D80: NSDA | E80: 33 | F80: 132/33kV T1 & T2 | G80: 1T0 & 2T0 | H80: 48.9 | I80: 0 | J80: n/a | K80: n/a | L80: 62.5762 | M80: NSDA 33 kV
B81: Kuala Lumpur | C81: Sri Damansara | D81: SDAM | E81: 33 | F81: 132/33kV T1 & T2 | G81: 1T0 & 2T0 | H81: 48.9 | I81: 0 | J81: n/a | K81: n/a | L81: 67.9905 | M81: SDAM 33kV | N81: Category 1: Reassignment of the operating stage (Freq1: 49.0Hz --> 48.9Hz)
B82: Kuala Lumpur | C82: New SEA Park | D82: NSPK | E82: 33 | F82: 132/33kV T1 & T2 | G82: 1T0 & 2T0 | H82: 48.9 | I82: 0 | J82: n/a | K82: n/a | L82: 68.1678 | M82: NSPK 33 kV
B83: Kuala Lumpur | C83: Serdang New | D83: SRDN | E83: 33 | F83: 132/33kV T1 & T2 | G83: 1T0&2T0 | H83: 48.9 | I83: 0 | J83: n/a | K83: n/a | L83: 51.941 | M83: SRDN 33kV
B84: Seremban | C84: Sendayan | D84: SDYN | E84: 33 | F84: 132/33kV T1 & T2 | G84: 1T0 & 2T0 | H84: 48.9 | I84: 0 | J84: n/a | K84: n/a | L84: 64.8369 | M84: SDYN 33kV | N84: Category 1: Reassignment of the operating stage (Freq1: 49.1Hz --> 48.9Hz)
B85: Seremban | C85: Lukut | D85: LKUT | E85: 11 | F85: 132/11kV T1 & T2 | G85: 31 & 32 | H85: 48.9 | I85: 0 | J85: n/a | K85: n/a | L85: 17.6596 | M85: LKUT 11kV
B86: Kuantan | C86: Tanjong Gelang | D86: TGLN | E86: 11 | F86: 132/11kV T1 & T2 & T3 | G86: 31 & 32 & 33 | H86: 48.9 | I86: 0 | J86: n/a | K86: n/a | L86: 25.8429 | M86: TGLN 11kV
A87: =CONCATENATE("Stage 5: 48.8Hz " & CHAR(10) &"Total load: ",ROUND(SUM(L87:L100),0),"MW") -> Stage 5: 48.8Hz Total load: 713MW | B87: Alor Setar | C87: Kota Setar | D87: KSTR | E87: 11 | F87: 132/11kV T1 & T2 | G87: 31 & 32 | H87: 48.8 | I87: 0 | J87: n/a | K87: n/a | L87: 25.7531 | M87: KSTR 11kV
B88: Kuala Lumpur | C88: Kg Chempaka | D88: KCPK | E88: 33 | F88: 132/33kV T1 & T2 | G88: 1T0 & 2T0 | H88: 48.8 | I88: 0 | J88: n/a | K88: n/a | L88: 71.7948 | M88: KCPK 33kV
B89: Selangor | C89: New Rawang | D89: NRWG | E89: 33 | F89: 132/33kV T1 & T2 | G89: 1T0 & 2T0 | H89: 48.8 | I89: 0 | J89: n/a | K89: n/a | L89: 74.945 | M89: NRWG 33 kV
B90: Selangor | C90: Bukit Kapar | D90: BKPR | E90: 33 | F90: 132/33kV T3 & T4 | G90: 3T0 & 4T0 | H90: 48.8 | I90: 0 | J90: n/a | K90: n/a | L90: 69.4631 | M90: BKPR 33kV
B91: Selangor | C91: Temasya | D91: TMSY | E91: 33 | F91: 132/33kV T1 & T2 | G91: 1T0 & 2T0 | H91: 48.8 | I91: 0 | J91: n/a | K91: n/a | L91: 60.1524 | M91: TMSY 33 kV
B92: Ayer Keroh | C92: Kelemak | D92: KLMK | E92: 132 | F92: MTNH 1 & 2 | G92: 105 & 205 | H92: 48.8 | I92: 0 | J92: n/a | K92: n/a | L92: 49 | M92: TKMG, PPJG, MTNH
B93: Seremban | C93: Rantau | D93: RTAU | E93: 132 | F93: TKMG 1 & 2 | G93: 105 & 205 | H93: 48.8 | I93: 0 | J93: n/a | K93: n/a
B94: Seremban | C94: Paroi | D94: PROI | E94: 132 | F94: TJID 1 & 2 | G94: 105 & 205 | H94: 48.8 | I94: 0 | J94: n/a | K94: n/a | L94: 140 | M94: TJID, TTJF, SSUN & STRA
B95: Seremban | C95: Rasah | D95: RASA | E95: 132 | F95: Satria & TTJF | G95: 505 & 605 | H95: 48.8 | I95: 0 | J95: n/a | K95: n/a
B96: Kuantan | C96: Bentong South | D96: BNTS | E96: 132 | F96: BNTG & RBDR | G96: 205 & 405 | H96: 48.8 | I96: 0 | J96: n/a | K96: n/a | L96: 133 | M96: BNTA, KLIP, JNKA, JTUT, RBDR | N96: Category 2: New assignment - add JTUT 705
B97: Kuantan | C97: Kg. Awah | D97: KAWA | E97: 132 | F97: JNKA & JTUT | G97: 205 & 705 | H97: 48.8 | I97: 0 | J97: n/a | K97: n/a
B98: Perda | C98: Air terjun | D98: ATJN | E98: 33 | F98: 132/33kV T3 & T4 | G98: 3T0 & 4T0 | H98: 48.8 | I98: 0 | J98: n/a | K98: n/a | L98: 56.7503 | M98: ATJN 33 kV
B99: Perda | C99: Gurun | D99: GRUN | E99: 11 | F99: 132/11kV T1 & T2 | G99: 31 & 32 | H99: 48.8 | I99: 0 | J99: n/a | K99: n/a | L99: 9.3912 | M99: GRUN 11kV
B100: Perda | C100: Jeniang | D100: JENG | E100: 33 | F100: 132/33kV T1 & T2 | G100: 1T0 & 2T0 | H100: 48.8 | I100: 0 | J100: n/a | K100: n/a | L100: 22.7999 | M100: JENG 33kV
A101: =CONCATENATE("Stage 6: 48.7Hz " & CHAR(10) &"Total load: ",ROUND(SUM(L101:L116),0),"MW") -> Stage 6: 48.7Hz Total load: 931MW | B101: Ipoh | C101: Lumut | D101: LMUT | E101: 33 | F101: 132/33kV T1 & T2 | G101: 1T0 & 2T0 | H101: 48.7 | I101: 0 | J101: n/a | K101: n/a | L101: 58.1226 | M101: LMUT 33kV
B102: Ipoh | C102: Lumut Maritime | D102: LMTM | E102: 33 | F102: 132/33kV T3 & T4 | G102: 3T0 & 4T0 | H102: 48.7 | I102: 0 | J102: n/a | K102: n/a | L102: 72.3964 | M102: LMTM 33kV
B103: Kuala Lumpur | C103: Mutiara Damansara | D103: MDAM | E103: 33 | F103: 132/33kV T1 & T2 | G103: 1T0 & 2T0 | H103: 48.7 | I103: 0 | J103: n/a | K103: n/a | L103: 38.9019 | M103: MDAM 33kV
B104: Kuala Lumpur | C104: Batu Caves | D104: BCVS | E104: 33 | F104: 132/33kV T3 & T4 | G104: 3T0 & 4T0 | H104: 48.7 | I104: 0 | J104: n/a | K104: n/a | L104: 84.9599 | M104: BCVS 33kV
B105: Kluang | C105: Parit Raja | D105: PRJA | E105: 11 | F105: 132/11kV T1 & T2 | G105: 31 & 32 | H105: 48.7 | I105: 0 | J105: n/a | K105: n/a | L105: 17.3238 | M105: PRJA 11kV
B106: Kluang | C106: Yong Peng North | D106: YGPN | E106: 132 | F106: CAAH & BSPT/BKPG | G106: 105 & 205 | H106: 48.7 | I106: 0 | J106: n/a | K106: n/a | L106: 298 | M106: LKJG, XNSS, XNYI, TKID, TKAK, JMTH, SGMT, BSPT, BKPG, CAAH, BAHA, NSCI, GMAS, PBSR, KLPH, SPTG, KKWG | N106: Category 2: New assignment (replacement for UPSR: AKRH & AKRH/ONST defeated due to LSS JSLS in the pocket load)
B107: Seremban | C107: Paroi | D107: PROI | E107: 132 | F107: KPLH 1 & 2 | G107: 705 & 805 | H107: 48.7 | I107: 0 | J107: n/a | K107: n/a
...

Sheet UFLS (Cat3 Deactivate)
A1: UNDER-FREQUENCY LOAD SHEDDING (UFLS) REVISION 2024
A2: GM - Subzone | B2: Substation | C2: Mnemonic | D2: kV | E2: Assigned Feeders | F2: CB | G2: UFLS 2024 Review Remarks
A3: Dungun | B3: Telok Kalong | C3: TKLG | D3: 275 | E3: ESTL 1 & 2 | F3: L95 & L105 | G3: Deactivate for the latest 2024 review
A4: Kota Bharu | B4: Tanah Merah | C4: TMRH | D4: 132 | E4: KKRI 1&2 | F4: 505 & 605 | G4: Deactivate for latest the 2024 review due to LSS MALS and the future Nenggiri Power Station in the pocket load
A5: Melaka | B5: Ujong Pasir | C5: UPSR | D5: 132 | E5: AKRH & AKRH/ONST | F5: 105 & 205 | G5: Deactivate for latest the 2024 review due to LSS JSLS in the pocket load
A6: Kuala Lumpur | B6: Bandar Tun Razak | C6: BTRZ | D6: 33 | E6: 132/33kV T3 & T4 | F6: 3T0 & 4T0 & 1W0 | G6: Deactivate. Supplying to essential loads - TNB/GSO/GSM/GST/3/1 (UFLS/UVLS) dated 19 Aug 2022
A7: Kuala Lumpur | B7: KL City Centre | C7: KLCC | D7: 11 | E7: 132/11kV T1 & T2 | F7: 31 & 32 | G7: Deactivate. Supplying to essential loads - TNB/GSO/GSM/GST/3/1 (UFLS/UVLS) dated 19 Aug 2022
A8: Kuala Lumpur | B8: Putrajaya | C8: PJYC | D8: 33 | E8: 132/33kV T1 & T2 | F8: 1T0 & 2T0 | G8: Deactivate. Supplying to essential loads - TNB/GSO/GSM/GST/3/1 (UFLS/UVLS) dated Nov 2022
A9: Perda | B9: Bukit Merah | C9: BMRH | D9: 132 | E9: BSRI 1 & 2 | F9: 305 & 405 | G9: Deactivate for latest the 2024 review due to LSS KNLS in the pocket load
A10: Perda | B10: Bayan Lepas | C10: BLPS | D10: 33 | E10: 132/33kV T1 & T2 | F10: 1T0 & 2T0 | G10: Deactivate. Supplying to essential loads - TNB/GSO/GSM/GST/3/1 (UFLS/UVLS) dated 19 Aug 2022
A11: Perda | B11: Bayan Lepas | C11: BLPS | D11: 33 | E11: 132/33kV T3 & T5 | F11: 3T0 & 4T0 | G11: Deactivate. Supplying to essential loads - TNB/GSO/GSM/GST/3/1 (UFLS/UVLS) dated 19 Aug 2022
A12: Perda | B12: Bayan Baru | C12: BBRU | D12: 33 | E12: 132/33kV T1 & T2 | F12: 1T0 & 2T0 | G12: Deactivate. Supplying to essential loads - TNB/GSO/GSM/GST/3/1 (UFLS/UVLS) dated 19 Aug 2022
A13: Perda | B13: Bedong | C13: BDNG | D13: 132 | E13: SPID & AJYA | F13: 105 & 205 | G13: Deactivate. Supplying to essential loads - TNB/GSO/GSM/GST/3/1 (UFLS/UVLS) dated 19 Aug 2022
A14: Kuala Lumpur | B14: Kajang | C14: KJNG | D14: 33 | E14: 132/33kV T3 & T4 | F14: 3T0 & 4T0 | G14: Deactivate. Supplying to essential loads - TNB/GSO/GSM/GST/3/1 (UFLS/UVLS) dated 6 April 2020
... A30: Kuantan | B30: Kuantan | C30: KTAN | D30: 132 | E30: KTNN feeders | F30: 305 & 405 | G30: Deactivate. Supplying to essential loads - TNB/GSO/GSM/GST/3/1 (UFLS/UVLS) dated 6 April 2020

Sheet ActiveAll_UFLS&UVLS
A1: UNDER-FREQUENCY LOAD SHEDDING (UFLS) | O1: UNDER-VOLTAGE LOAD SHEDDING (UVLS)
A2: Assignment | B2: GM - Subzone | C2: Substation | D2: Mnemonic | E2: kV | F2: Assigned Feeders | G2: CB | H2: Freq1 | I2: Delay1 (s) | J2: Freq2 | K2: Delay2 (s) | L2: MW Quantum 2024 | M2: Load Area Affected | N2: UFLS 2024 Review Remarks | O2: Voltage pickup setting (p.u) | P2: Delay (s) | Q2: UVLS Operating Stage
A3: Stage: Ride Through | B3: Kuantan | C3: Gebeng Industri | D3: GBID | E3: 132 | F3: KSTL 1 & 2 | G3: 105 & 405 | H3: 49.3 | I3: 0 | J3: n/a | K3: n/a | L3: 0 | M3: KSTL load
A4: Stage: Ride Through | B4: Johor Bahru | C4: Tanjung Langsat | D4: TLST | E4: 132 | F4: TLTP (Titan Petrochemicals) | G4: 505 | H4: 49.3 | I4: 0 | J4: n/a | K4: n/a | L4: 26 | M4: TLTP
A5: Stage: Ride Through | B5: Johor Bahru | C5: Pasir Gudang Darat | D5: PGDT | E5: 132 | F5: TTAN 1 & 2 | G5: 905 & 1005 | H5: 49.3 | I5: 0 | J5: n/a | K5: n/a | L5: 28 | M5: TTAN
A6: Stage: Ride Through | B6: Johor Bahru | C6: Pasir Gudang Ind Est | D6: PGIE | E6: 132 | F6: ASTM 1 & 2 | G6: 805 & 905 | H6: 49.3 | I6: 0 | J6: n/a | K6: n/a | L6: 2 | M6: ASTM
A7: Stage: Ride Through | B7: Johor Bahru | C7: Tanjung Langsat Industrial Estate | D7: TLIE | E7: 275 | F7: BSTL 1 & 2 | G7: L15 & L25 | H7: 49.3 | I7: 0 | J7: n/a | K7: n/a | L7: 7 | M7: BSTL
A8: Stage: Ride Through | B8: Kuantan | C8: Tanjung Gelang | D8: TGLN | E8: 132 | F8: JDSI 1 & 2 | G8: 505 & 605 | H8: 49.3 | I8: 0 | J8: n/a | K8: n/a | L8: 0 | M8: JDSI
A9: Stage: Ride Through | B9: Dungun | C9: Telok Kalong | D9: TKLG | E9: 275 | F9: Perwaja 1 & 2 | G9: L15 & L25 | H9: 49.3 | I9: 1 | J9: n/a | K9: n/a | L9: 0 | M9: PWSM
A10: Stage: Ride Through | B10: Selangor | C10: Olak Lempit | D10: OLPT | E10: 275 | F10: MGST 1 & 2 | G10: L75 & L85 | H10: 49.3 | I10: 0 | J10: n/a | K10: n/a | L10: 25 | M10: MGST
A11: Stage: Ride Through | B11: Selangor | C11: Bukit Raja GIS | D11: BRGS | E11: 132 | F11: ASMB 1 & 2 | G11: 11130, 11230, 11330 | H11: 49.3 | I11: 0 | J11: n/a | K11: n/a | L11: 44 | M11: ASMB
A12: Stage: Ride Through | B12: Selangor | C12: Bukit Raja GIS | D12: BRGS | E12: 132 | F12: MSWK | G12: 7130, 7230 | H12: 49.3 | I12: 0 | J12: n/a | K12: n/a | L12: 60 | M12: MSWK
A13: Stage: Ride Through | B13: Perda | C13: Bukit Tengah | D13: BTGH | E13: 132 | F13: SRON 2 | G13: 905 | H13: 49.3 | I13: 0 | J13: n/a | K13: n/a | L13: 50 | M13: SRON 905 only
A14: Stage: Ride Through | B14: Perda | C14: Bedong | D14: BDNG | E14: 275 | F14: PWGR 1 & 2 feeders | G14: L35 & L45 | H14: 49.3 | I14: 0 | J14: n/a | K14: n/a | L14: 6 | M14: PWGR
A15: Stage: Ride Through | B15: Perda | C15: Prai Industrial | D15: PRID | E15: 132 | F15: SRON & SRNW | G15: 505 & 605 | H15: 49.3 | I15: 0 | J15: n/a | K15: n/a | L15: 17 | M15: SRON & SRNW
A16: Stage: Ride Through | B16: Perda | C16: SKS Prai | D16: SKSP | E16: 132 | F16: MWTA 1 & 2 | G16: 105 & 205 | H16: 49.3 | I16: 0 | J16: n/a | K16: n/a | L16: 46 | M16: MWTA
A17: Stage 1: 49.2Hz | B17: Johor Bahru | C17: Cahaya Baru | D17: CBRU | E17: 22 | F17: 132/22kV T1 & T2 | G17: 1T0 & 2T0 | H17: 49.2 | I17: 0 | J17: n/a | K17: n/a | L17: 21.3659 | M17: CBRU 22kV
A18: Stage 1: 49.2Hz | B18: Johor Bahru | C18: Pasir Gudang Darat | D18: PGDT | E18: 22 | F18: 132/22kV T1 & T2 | G18: 1T0 & 2T0 | H18: 49.2 | I18: 0 | J18: n/a | K18: n/a | L18: 21.8789 | M18: PGDT 22kV
A19: Stage 1: 49.2Hz | B19: Johor Bahru | C19: Tampoi Industries | D19: TMPI | E19: 33 | F19: 132/33kV T1 & T2 | G19: 1T0 & 2T0 | H19: 49.2 | I19: 0 | J19: n/a | K19: n/a | L19: 64.0768 | M19: TMPI 33kV
A20: Stage 1: 49.2Hz | B20: Perda | C20: Sungai Ara (GIS) | D20: SARA | E20: 33 | F20: 132/33kV T1 & T2 | G20: 1T0 & 2T0 | H20: 49.2 | I20: 0 | J20: n/a | K20: n/a | L20: 41.5461 | M20: SARA 33kV
A21: Stage 1: 49.2Hz | B21: Kuantan | C21: Pekan Industri AIP | D21: PKNI | E21: 33 | F21: 132/33kV T1 & T2 | G21: 1T0 & 2T1 | H21: 49.2 | I21: 0 | J21: n/a | K21: n/a | L21: 18.5562 | M21: PKNI 33kV
A22: Stage 1: 49.2Hz | B22: Ayer Keroh | C22: Hicom Pegoh | D22: HPGH | E22: 33 | F22: 132/33kV T1 & T2 | G22: 1T0 & 2T0 | H22: 49.2 | I22: 0 | J22: n/a | K22: n/a | L22: 15.3861 | M22: HPGH 33kV
A23: Stage 1: 49.2Hz | B23: Seremban | C23: Enstek | D23: ESTK | E23: 33 | F23: 132/33kV T1 & T2 | G23: 1T0 & 2T0 | H23: 49.2 | I23: 0 | J23: n/a | K23: n/a | L23: 36.4197 | M23: ESTK 33kV
A24: Stage 1: 49.2Hz | B24: Seremban | C24: Kg. Repah | D24: KRPH | E24: 11 | F24: 132/11kV T1 & T2 | G24: 30 & 32 | H24: 49.2 | I24: 0 | J24: n/a | K24: n/a | L24: 20.2233 | M24: KRPH 11kV
A25: Stage 1: 49.2Hz | B25: Ipoh | C25: Pengkalan Industri | D25: PKID | E25: 11 | F25: 132/11kV T1 & T2 | G25: 31 & 32 | H25: 49.2 | I25: 0 | J25: n/a | K25: n/a | L25: 21.5372 | M25: PKID 11kV
... A30: Stage 1: 49.2Hz | B30: Kuala Lumpur | C30: Damansara City | D30: DCTY | E30: 33 | F30: 132/33kV T1 & T2 | G30: 1T0 & 2T0 | H30: 49.2 | I30: 0 | J30: n/a | K30: n/a | L30: 28.4475 | M30: DCTY 33kV
A31: Stage 1: 49.2Hz | B31: Kuala Lumpur | C31: Manjalara | D31: MJLR | E31: 33 | F31: 132/33kV T1 & T2 | G31: 1T0 & 2T0 | H31: 49.2 | I31: 0 | J31: n/a | K31: n/a | L31: 89.8683 | M31: MJLR 33kV | O31: 0.9 | P31: 30 | Q31: 1
A32: Stage 1: 49.2Hz | B32: Kuala Lumpur | C32: Sri Hartamas | D32: SHMS | E32: 33 | F32: 132/33kV T1 & T2 | G32: 1T0 & 2T0 | H32: 49.2 | I32: 0 | J32: n/a | K32: n/a | L32: 71.0055 | M32: SHMS 33kV
A33: Stage 1: 49.2Hz | B33: Kuala Lumpur | C33: Suncity GIS | D33: SCTY | E33: 33 | F33: 132/33kV T1 & T2 | G33: 1T0 & 2T2 | H33: 49.2 | I33: 0 | J33: n/a | K33: n/a | L33: 25.6995 | M33: SCTY 33kV
A34: Stage 1: 49.2Hz | B34: Kuala Lumpur | C34: Cheras Jaya | D34: CJYA | E34: 33 | F34: 132/33kV T1, T2 & T3 | G34: 1T0 & 2T0 & 3T0 | H34: 49.2 | I34: 0 | J34: n/a | K34: n/a | L34: 157.1371 | M34: CJYA 33kV
A35: Stage 1: 49.2Hz | B35: Kuala Lumpur | C35: Danau Desa | D35: DDSA | E35: 33 | F35: 132/33kV T3 & T4 | G35: 3T0 & 4T0 | H35: 49.2 | I35: 0 | J35: n/a | K35: n/a | L35: 60.7924 | M35: DDSA 33kV
A36: Stage 1: 49.2Hz | B36: Alor Setar | C36: Mergong | D36: MGON | E36: 11 | F36: 132/11kV T1 & T2 | G36: 31 & 32 | H36: 49.2 | I36: 0 | J36: n/a | K36: n/a | L36: 17.2107 | M36: MGON 11kV
A37: Stage 1: 49.2Hz | B37: Alor Setar | C37: Pauh | D37: PAUH | E37: 33 | F37: 132/33kV T1 & T2 | G37: 1T0 & 2T0 | H37: 49.2 | I37: 0 | J37: n/a | K37: n/a | L37: 42.691 | M37: PAUH 33kV
A38: Stage 2: 49.1Hz | B38: Ipoh | C38: Temoh | D38: TMOH | E38: 33 | F38: 132/33kV T3 & T4 | G38: 3T0 & 4T0 | H38: 49.1 | I38: 0 | J38: n/a | K38: n/a | L38: 22.3732 | M38: TMOH 33kV
A39: Stage 2: 49.1Hz | B39: Ipoh | C39: Kelebang | D39: KLBG | E39: 33 | F39: 132/33kV T3 & T4 | G39: 3T0, 4T0 & 1W0 | H39: 49.1 | I39: 0 | J39: n/a | K39: n/a | L39: 24.6724 | M39: KLBG 33kV
A40: Stage 2: 49.1Hz | B40: Ipoh | C40: New Khantan | D40: NKAN | E40: 33 | F40: 132/33kV T1 & T2 | G40: 1T0 & 2T0 | H40: 49.1 | I40: 0 | J40: n/a | K40: n/a | L40: 32.1433 | M40: NKAN 33kV
A41: Stage 2: 49.1Hz | B41: Ipoh | C41: Tasik | D41: TASK | E41: 33 | F41: 132/33kV T1 & T2 | G41: 1T0 & 2T0 | H41: 49.1 | I41: 0 | J41: n/a | K41: n/a | L41: 8.5343 | M41: TASK 22kV
A42: Stage 2: 49.1Hz | B42: Kuala Lumpur | C42: SPPK Cheras | D42: SPKC | E42: 33 | F42: 132/33kV T3 & T4 & T5 | G42: 3T0 & 4T0 & 1W0 & 5T0 | H42: 49.1 | I42: 0 | J42: n/a | K42: n/a | L42: 123.2475 | M42: SPKC 33kV
A43: Stage 2: 49.1Hz | B43: Kuala Lumpur | C43: National University | D43: NUNI | E43: 11 | F43: 132/11kV T1 & T2 | G43: 31 & 32 | H43: 49.1 | I43: 0 | J43: n/a | K43: n/a | L43: 24.5161 | M43: NUNI 11kV
A44: Stage 2: 49.1Hz | B44: Johor Bahru | C44: Plentong | D44: PLTG | E44: 230 | F44: WA18 1 & 2 | G44: H10 & H20 | H44: 49.1 | I44: 0 | J44: n/a | K44: n/a | L44: - | M44: TNB-Singapore Interconnection
A45: Stage 2: 49.1Hz | B45: Johor Bahru | C45: Tebrau | D45: TBRU | E45: 22 | F45: 132/22kV T1 & T2 | G45: 1T0 & 2T0 | H45: 49.1 | I45: 0 | J45: n/a | K45: n/a | L45: 29.3428 | M45: TBRU 22kV
A46: Stage 2: 49.1Hz | B46: Kuantan | C46: Kampung Awah | D46: KAWA | E46: 132 | F46: KRYG 1 & 2 | G46: 305 & 405 | H46: 49.1 | I46: 0 | J46: n/a | K46: n/a | L46: 30 | M46: KRYG
A47: Stage 2: 49.1Hz | B47: Seremban | C47: Tuanku Jaafar (GIS) | D47: TJGS | E47: 132 | F47: SHEL 1 & 2 | G47: 505 & 605 | H47: 49.1 | I47: 0 | J47: n/a | K47: n/a | L47: 36 | M47: SHELL
A48: Stage 2: 49.1Hz | B48: Selangor | C48: Hicom | D48: HCOM | E48: 33 | F48: 132/33kV T1 & T2 | G48: 1T0 & 2T0 | H48: 49.1 | I48: 0 | J48: n/a | K48: n/a | L48: 77.918 | M48: HCOM 33 kV
A49: Stage 2: 49.1Hz | B49: Selangor | C49: Shah Alam East | D49: SHAE | E49: 33 | F49: 132/33kV T3 & T4 & T5 | G49: 3T0 & 4T0 & 5T0 | H49: 49.1 | I49: 0 | J49: n/a | K49: n/a | L49: 72.8698 | M49: SHAE 33kV
A50: Stage 2: 49.1Hz | B50: Selangor | C50: Shah Alam South | D50: SHAS | E50: 33 | F50: 132/33kV T1 & T2 | G50: 1T0 & 2T0 | H50: 49.1 | I50: 0 | J50: n/a | K50: n/a | L50: 64 | M50: SHAS 33kV
A51: Stage 2: 49.1Hz | B51: Kota Bharu | C51: Panchor | D51: PCOR | E51: 33 | F51: 132/33kV T2 & T3 & T4 | G51: 2T0, 3T0 & 4T0 | H51: 49.1 | I51: 0 | J51: n/a | K51: n/a | L51: 67.9031 | M51: PCOR 33kV | N51: Category 2: New assignment (to include 2T0)
A52: Stage 2: 49.1Hz | B52: Kluang | C52: Johor Tengah | D52: JTGH | E52: 11 | F52: 132/11kV T1 & T2 | G52: 31 & 32 | H52: 49.1 | I52: 0 | J52: n/a | K52: n/a | L52: 20.2863 | M52: JTGH 11kV
A53: Stage 2: 49.1Hz | B53: Perda | C53: Seberang Jaya | D53: SJAY | E53: 33 | F53: 132/33kV T1 & T2 | G53: 1T0 & 2T0 | H53: 49.1 | I53: 0 | J53: n/a | K53: n/a | L53: 74.3213 | M53: SJAY 33kV
A54: Stage 2: 49.1Hz | B54: Perda | C54: Taman Intan | D54: INTN | E54: 33 | F54: 132/33kV T3 & T4 | G54: 3T0&4T0 | H54: 49.1 | I54: 0 | J54: n/a | K54: n/a | L54: 51.9714 | M54: INTN 33kV
A55: Stage 2: 49.1Hz | B55: Perda | C55: Taman Intan | D55: INTN | E55: 11 | F55: 132/11kV T1 & T2 | G55: 31&32 | H55: 49.1 | I55: 0 | J55: n/a | K55: n/a | L55: 31.6547 | M55: INTN 22kV
A56: Stage 2: 49.1Hz | B56: Ayer Keroh | C56: Malacca Power Station | D56: MPSS | E56: 11 | F56: 132/11kV T1 & T2 | G56: 31 & 32 | H56: 49.1 | I56: 0 | J56: n/a | K56: n/a | L56: 9.404 | M56: MPSS 11kV
A57: Stage 3: 49.0Hz | B57: Kota Bharu | C57: Tunjang | D57: TJUG | E57: 33 | F57: 132/33kV T1 & T2 | G57: 1T0 & 2T0 | H57: 49 | I57: 0 | J57: n/a | K57: n/a | L57: 60 | M57: TJUG 33kV | N57: Category 2: New assignment (replacement for TMRH: KKRI & MACG defeated due to LSS in the pocket load)
A58: Stage 3: 49.0Hz | B58: Ayer Keroh | C58: Malim Jaya | D58: MJYA | E58: 11 | F58: 132/11kV T1 & T2 | G58: 31 & 32 | H58: 49 | I58: 0 | J58: n/a | K58: n/a | L58: 26.877 | M58: MJYA 11kV
A59: Stage 3: 49.0Hz | B59: Ayer Keroh | C59: Muar | D59: MUAR | E59: 11 | F59: 132/11kV T2 & T3 | G59: 32 & 33 | H59: 49 | I59: 0 | J59: n/a | K59: n/a | L59: 32.3916 | M59: MUAR 11kV
A60: Stage 3: 49.0Hz | B60: Selangor | C60: Bukit Rajah | D60: BRGS | E60: 11 | F60: 132/11kV T1 & T2 | G60: 31 & 32 | H60: 49 | I60: 0 | J60: n/a | K60: n/a | L60: 18.9852 | M60: BRGS 11 kV
A61: Stage 3: 49.0Hz | B61: Selangor | C61: Port Klang P/S | D61: PKLG | E61: 132 | F61: IGBK 1 & 2 | G61: 705 & 805 | H61: 49 | I61: 0 | J61: n/a | K61: n/a | L61: 130 | M61: IGBK & NKST
A62: Stage 3: 49.0Hz | B62: Selangor | C62: Bukit Beruntung | D62: BBTG | E62: 33 | F62: 132/33kV T3 & T4 | G62: 3T0 & 4T0 | H62: 49 | I62: 0 | J62: n/a | K62: n/a | L62: 41.8364 | M62: BBTG 33kV
A63: Stage 3: 49.0Hz | B63: Kuantan | C63: Bandar Indra Mahkota | D63: BIMK | E63: 11 | F63: 132/11kV T1 & T2 | G63: 31 & 32 | H63: 49 | I63: 0 | J63: n/a | K63: n/a | L63: 28.0406 | M63: BIMK 11kV
A64: Stage 3: 49.0Hz | B64: Kuantan | C64: Bandar Indra Mahkota | D64: BIMK | E64: 33 | F64: 132/33kV T3 & T4 | G64: 3T0 & 4T0 | H64: 49 | I64: 0 | J64: n/a | K64: n/a | L64: 98.0819 | M64: BIMK 33kV
A65: Stage 3: 49.0Hz | B65: Kuantan | C65: Bentong | D65: BNTG | E65: 11 | F65: 132/11kV T1 & T2 | G65: 31 & 32 | H65: 49 | I65: 0 | J65: n/a | K65: n/a | L65: 23.208 | M65: BNTG 11kV
A66: Stage 3: 49.0Hz | B66: Perda | C66: Butterworth North | D66: BWTN | E66: 33 | F66: 132/33 kV T1 & T2 | G66: 1T0 & 2T0 | H66: 49 | I66: 0 | J66: n/a | K66: n/a | M66: BWTN 33kV
A67: Stage 3: 49.0Hz | B67: Perda | C67: Butterworth North | D67: BWTN | E67: 11 | F67: 132/11kV T5 | G67: 35 | H67: 49 | I67: 0 | J67: n/a | K67: n/a | M67: BWTN 11kV
A68: Stage 3: 49.0Hz | B68: Perda | C68: Prai GIS | D68: PRGS | E68: 33 | F68: 132/33kV T3 & T4 | G68: 3T0 & 4T0 | H68: 49 | I68: 0 | J68: n/a | K68: n/a | L68: 61.6121 | M68: PRGS 33 kV
A69: Stage 3: 49.0Hz | B69: Kuala Lumpur | C69: Serdang Raya | D69: SRDR | E69: 33 | F69: 132/33kV T1 & T2 | G69: 1T0 & 2T0 | H69: 49 | I69: 0 | J69: n/a | K69: n/a | L69: 85.1885 | M69: SRDR 33kV
A70: Stage 3: 49.0Hz | B70: Kuala Lumpur | C70: Ampang GIS | D70: AMPG | E70: 33 | F70: 132/33kV T3 & T4 | G70: 3T0 & 4T0 | H70: 49 | I70: 0 | J70: n/a | K70: n/a | L70: 75.8672 | M70: AMPG T3&T4
A71: Stage 3: 49.0Hz | B71: Kuala Lumpur | C71: Air Hitam | D71: AHTM | E71: 33 | F71: 132/33kV T1 & T2 | G71: 1T0 & 2T0 | H71: 49 | I71: 0 | J71: n/a | K71: n/a | L71: 65.0735 | M71: AHTM 33kV
A72: Stage 3: 49.0Hz | B72: Kuala Lumpur | C72: Bukit Jalil | D72: BJLL | E72: 33 | F72: 132/33kV T1 & T2 | G72: 1T0 & 2T0 | H72: 49 | I72: 0 | J72: n/a | K72: n/a | L72: 85.6804 | M72: BJLL 33kV
A73: Stage 3: 49.0Hz | B73: Kuala Lumpur | C73: Balakong | D73: BLKG | E73: 33 | F73: 132/33kV T3 & T4 | G73: 3T0 & 4T0 | H73: 49 | I73: 0 | J73: n/a | K73: n/a | L73: 52.1303 | M73: BLKG 33 kV
A74: Stage 4: 48.9Hz | B74: Kota Bharu | C74: Kota Bharu | D74: KBRU | E74: 33 | F74: 132/33kV T1 & T3 & T5 | G74: 1T0 & 3T0 & 5T0 | H74: 48.9 | I74: 0 | J74: n/a | K74: n/a | L74: 82.5745 | M74: KBRU 33kV
A75: Stage 4: 48.9Hz | B75: Selangor | C75: PJ Selatan | D75: PJST | E75: 33 | F75: 132/33kV T1 & T2 | G75: 1T0 & 2T0 | H75: 48.9 | I75: 0 | J75: n/a | K75: n/a | L75: 65.7207 | M75: PJST 33 kV | N75: Category 1: Reassignment of operating stage (Freq1: 48.8Hz --> 48.9Hz)
A76: Stage 4: 48.9Hz | B76: Kluang | C76: Pasir Gudang Town Centre | D76: PGTC | E76: 33 | F76: 132/33kV T1 & T2 | G76: 1T0 & 2T0 | H76: 48.9 | I76: 0 | J76: n/a | K76: n/a | L76: 111.1269 | M76: PGTC 33kV | N76: Category 1: Reassignment of operating stage (Freq1: 49.2Hz --> 48.9Hz)
A77: Stage 4: 48.9Hz | B77: Johor Bahru | C77: Pasir Gudang Ind Est | D77: PGIE | E77: 22 | F77: 132/22kV T1 & T2 | G77: 1T0 & 2T0 | H77: 48.9 | I77: 0 | J77: n/a | K77: n/a | L77: 37.2708 | M77: PGIE 22kV
A78: Stage 4: 48.9Hz | B78: Johor Bahru | C78: Pasir Gudang Ind Est | D78: PGIE | E78: 22 | F78: 132/22kV T3 | G78: 3T0 | H78: 48.9 | I78: 0 | J78: n/a | K78: n/a | L78: 15.0562 | M78: PGIE 22kV
A79: Stage 4: 48.9Hz | B79: Selangor | C79: Puchong Jaya | D79: PCHJ | E79: 33 | F79: 132/33kV T1 & T2 | G79: 1T0 & 2T0 | H79: 48.9 | I79: 0 | J79: n/a | K79: n/a | L79: 83.0514 | M79: PCHJ 33kV
A80: Stage 4: 48.9Hz | B80: Selangor | C80: New Subang Uda | D80: NSDA | E80: 33 | F80: 132/33kV T1 & T2 | G80: 1T0 & 2T0 | H80: 48.9 | I80: 0 | J80: n/a | K80: n/a | L80: 62.5762 | M80: NSDA 33 kV
A81: Stage 4: 48.9Hz | B81: Kuala Lumpur | C81: Sri Damansara | D81: SDAM | E81: 33 | F81: 132/33kV T1 & T2 | G81: 1T0 & 2T0 | H81: 48.9 | I81: 0 | J81: n/a | K81: n/a | L81: 67.9905 | M81: SDAM 33kV | N81: Category 1: Reassignment of the stage (Freq1: 49.0Hz --> 48.9Hz) | O81: 0.9 | P81: 60 | Q81: 2
A82: Stage 4: 48.9Hz | B82: Kuala Lumpur | C82: New SEA Park | D82: NSPK | E82: 33 | F82: 132/33kV T1 & T2 | G82: 1T0 & 2T0 | H82: 48.9 | I82: 0 | J82: n/a | K82: n/a | L82: 68.1678 | M82: NSPK 33 kV | O82: 0.9 | P82: 90 | Q82: 3
A83: Stage 4: 48.9Hz | B83: Kuala Lumpur | C83: Serdang New | D83: SRDN | E83: 33 | F83: 132/33kV T1 & T2 | G83: 1T0&2T0 | H83: 48.9 | I83: 0 | J83: n/a | K83: n/a | L83: 51.941 | M83: SRDN 33kV
A84: Stage 4: 48.9Hz | B84: Seremban | C84: Sendayan | D84: SDYN | E84: 33 | F84: 132/33kV T1 & T2 | G84: 1T0 & 2T0 | H84: 48.9 | I84: 0 | J84: n/a | K84: n/a | L84: 64.8369 | M84: SDYN 33kV | N84: Category 1: Reassignment of the stage (Freq1: 49.1Hz --> 48.9Hz)
A85: Stage 4: 48.9Hz | B85: Seremban | C85: Lukut | D85: LKUT | E85: 11 | F85: 132/11kV T1 & T2 | G85: 31 & 32 | H85: 48.9 | I85: 0 | J85: n/a | K85: n/a | L85: 17.6596 | M85: LKUT 11kV
A86: Stage 4: 48.9Hz | B86: Kuantan | C86: Tanjong Gelang | D86: TGLN | E86: 11 | F86: 132/11kV T1 & T2 & T3 | G86: 31 & 32 & 33 | H86: 48.9 | I86: 0 | J86: n/a | K86: n/a | L86: 25.8429 | M86: TGLN 11kV
A87: Stage 5: 48.8Hz | B87: Alor Setar | C87: Kota Setar | D87: KSTR | E87: 11 | F87: 132/11kV T1 & T2 | G87: 31 & 32 | H87: 48.8 | I87: 0 | J87: n/a | K87: n/a | L87: 25.7531 | M87: KSTR 11kV
A88: Stage 5: 48.8Hz | B88: Kuala Lumpur | C88: Kg Chempaka | D88: KCPK | E88: 33 | F88: 132/33kV T1 & T2 | G88: 1T0 & 2T0 | H88: 48.8 | I88: 0 | J88: n/a | K88: n/a | L88: 71.7948 | M88: KCPK 33kV | O88: 0.9 | P88: 30 | Q88: 1
A89: Stage 5: 48.8Hz | B89: Selangor | C89: New Rawang | D89: NRWG | E89: 33 | F89: 132/33kV T1 & T2 | G89: 1T0 & 2T0 | H89: 48.8 | I89: 0 | J89: n/a | K89: n/a | L89: 74.945 | M89: NRWG 33 kV | O89: 0.9 | P89: 90 | Q89: 3
A90: Stage 5: 48.8Hz | B90: Selangor | C90: Bukit Kapar | D90: BKPR | E90: 33 | F90: 132/33kV T3 & T4 | G90: 3T0 & 4T0 | H90: 48.8 | I90: 0 | J90: n/a | K90: n/a | L90: 69.4631 | M90: BKPR 33kV
A91: Stage 5: 48.8Hz | B91: Selangor | C91: Temasya | D91: TMSY | E91: 33 | F91: 132/33kV T1 & T2 | G91: 1T0 & 2T0 | H91: 48.8 | I91: 0 | J91: n/a | K91: n/a | L91: 60.1524 | M91: TMSY 33 kV
A92: Stage 5: 48.8Hz | B92: Ayer Keroh | C92: Kelemak | D92: KLMK | E92: 132 | F92: MTNH 1 & 2 | G92: 105 & 205 | H92: 48.8 | I92: 0 | J92: n/a | K92: n/a | L92: 49 | M92: TKMG, PPJG, MTNH
A93: Stage 5: 48.8Hz | B93: Seremban | C93: Rantau | D93: RTAU | E93: 132 | F93: TKMG 1 & 2 | G93: 105 & 205 | H93: 48.8 | I93: 0 | J93: n/a | K93: n/a
A94: Stage 5: 48.8Hz | B94: Seremban | C94: Paroi | D94: PROI | E94: 132 | F94: TJID 1 & 2 | G94: 105 & 205 | H94: 48.8 | I94: 0 | J94: n/a | K94: n/a | L94: 140 | M94: TJID, TTJF, SSUN & STRA
A95: Stage 5: 48.8Hz | B95: Seremban | C95: Rasah | D95: RASA | E95: 132 | F95: Satria & TTJF | G95: 505 & 605 | H95: 48.8 | I95: 0 | J95: n/a | K95: n/a
A96: Stage 5: 48.8Hz | B96: Kuantan | C96: Bentong South | D96: BNTS | E96: 132 | F96: BNTG & RBDR | G96: 205 & 405 | H96: 48.8 | I96: 0 | J96: n/a | K96: n/a | L96: 133 | M96: BNTA, KLIP, JNKA, JTUT, RBDR | N96: Category 2: New assignment - add JTUT 705
A97: Stage 5: 48.8Hz | B97: Kuantan | C97: Kg. Awah | D97: KAWA | E97: 132 | F97: JNKA & JTUT | G97: 205 & 705 | H97: 48.8 | I97: 0 | J97: n/a | K97: n/a
A98: Stage 5: 48.8Hz | B98: Perda | C98: Air terjun | D98: ATJN | E98: 33 | F98: 132/33kV T3 & T4 | G98: 3T0 & 4T0 | H98: 48.8 | I98: 0 | J98: n/a | K98: n/a | L98: 56.7503 | M98: ATJN 33 kV
A99: Stage 5: 48.8Hz | B99: Perda | C99: Gurun | D99: GRUN | E99: 11 | F99: 132/11kV T1 & T2 | G99: 31 & 32 | H99: 48.8 | I99: 0 | J99: n/a | K99: n/a | L99: 9.3912 | M99: GRUN 11kV
A100: Stage 5: 48.8Hz | B100: Perda | C100: Jeniang | D100: JENG | E100: 33 | F100: 132/33kV T1 & T2 | G100: 1T0 & 2T0 | H100: 48.8 | I100: 0 | J100: n/a | K100: n/a | L100: 22.7999 | M100: JENG 33kV
A101: Stage 6: 48.7Hz | B101: Ipoh | C101: Lumut | D101: LMUT | E101: 33 | F101: 132/33kV T1 & T2 | G101: 1T0 & 2T0 | H101: 48.7 | I101: 0 | J101: n/a | K101: n/a | L101: 58.1226 | M101: LMUT 33kV
A102: Stage 6: 48.7Hz | B102: Ipoh | C102: Lumut Maritime | D102: LMTM | E102: 33 | F102: 132/33kV T3 & T4 | G102: 3T0 & 4T0 | H102: 48.7 | I102: 0 | J102: n/a | K102: n/a | L102: 72.3964 | M102: LMTM 33kV
A103: Stage 6: 48.7Hz | B103: Kuala Lumpur | C103: Mutiara Damansara | D103: MDAM | E103: 33 | F103: 132/33kV T1 & T2 | G103: 1T0 & 2T0 | H103: 48.7 | I103: 0 | J103: n/a | K103: n/a | L103: 38.9019 | M103: MDAM 33kV
A104: Stage 6: 48.7Hz | B104: Kuala Lumpur | C104: Batu Caves | D104: BCVS | E104: 33 | F104: 132/33kV T3 & T4 | G104: 3T0 & 4T0 | H104: 48.7 | I104: 0 | J104: n/a | K104: n/a | L104: 84.9599 | M104: BCVS 33kV | O104: 0.9 | P104: 90 | Q104: 3
...

Sheet UFLS_review
A1: UNDER-FREQUENCY LOAD SHEDDING (UFLS) | Q1: UNDER-VOLTAGE LOAD SHEDDING (UVLS)
A2: Assignment | B2: GM - Subzone | C2: Substation | D2: Mnemonic | E2: kV | F2: Assigned Feeders | G2: CB | H2: Freq1 | I2: Delay1 (s) | J2: Freq2 | K2: Delay2 (s) | L2: MW Quantum 2024 | M2: MW Quantum 2025 | N2: Load Area Affected | P2: UFLS 2024 Review Remarks | Q2: Voltage pickup setting (p.u) | R2: Delay (s) | S2: UVLS Operating Stage
A3: Stage: Ride Through | B3: Kuantan | C3: Gebeng Industri | D3: GBID | E3: 132 | F3: KSTL 1 & 2 | G3: 105 & 405 | H3: 49.3 | I3: 0 | J3: n/a | K3: n/a | L3: 0 | N3: KSTL load
A4: Stage: Ride Through | B4: Johor Bahru | C4: Tanjung Langsat | D4: TLST | E4: 132 | F4: TLTP (Titan Petrochemicals) | G4: 505 | H4: 49.3 | I4: 0 | J4: n/a | K4: n/a | L4: 26 | N4: TLTP
A5: Stage: Ride Through | B5: Johor Bahru | C5: Pasir Gudang Darat | D5: PGDT | E5: 132 | F5: TTAN 1 & 2 | G5: 905 & 1005 | H5: 49.3 | I5: 0 | J5: n/a | K5: n/a | L5: 28 | N5: TTAN
A6: Stage: Ride Through | B6: Johor Bahru | C6: Pasir Gudang Ind Est | D6: PGIE | E6: 132 | F6: ASTM 1 & 2 | G6: 805 & 905 | H6: 49.3 | I6: 0 | J6: n/a | K6: n/a | L6: 2 | N6: ASTM
A7: Stage: Ride Through | B7: Johor Bahru | C7: Tanjung Langsat Industrial Estate | D7: TLIE | E7: 275 | F7: BSTL 1 & 2 | G7: L15 & L25 | H7: 49.3 | I7: 0 | J7: n/a | K7: n/a | L7: 7 | N7: BSTL
A8: Stage: Ride Through | B8: Kuantan | C8: Tanjung Gelang | D8: TGLN | E8: 132 | F8: JDSI 1 & 2 | G8: 505 & 605 | H8: 49.3 | I8: 0 | J8: n/a | K8: n/a | L8: 0 | N8: JDSI
A9: Stage: Ride Through | B9: Dungun | C9: Telok Kalong | D9: TKLG | E9: 275 | F9: Perwaja 1 & 2 | G9: L15 & L25 | H9: 49.3 | I9: 1 | J9: n/a | K9: n/a | L9: 0 | N9: PWSM
A10: Stage: Ride Through | B10: Selangor | C10: Olak Lempit | D10: OLPT | E10: 275 | F10: MGST 1 & 2 | G10: L75 & L85 | H10: 49.3 | I10: 0 | J10: n/a | K10: n/a | L10: 25 | N10: MGST
A11: Stage: Ride Through | B11: Selangor | C11: Bukit Raja GIS | D11: BRGS | E11: 132 | F11: ASMB 1 & 2 | G11: 11130, 11230, 11330 | H11: 49.3 | I11: 0 | J11: n/a | K11: n/a | L11: 44 | N11: ASMB
A12: Stage: Ride Through | B12: Selangor | C12: Bukit Raja GIS | D12: BRGS | E12: 132 | F12: MSWK | G12: 7130, 7230 | H12: 49.3 | I12: 0 | J12: n/a | K12: n/a | L12: 60 | N12: MSWK
A13: Stage: Ride Through | B13: Perda | C13: Bukit Tengah | D13: BTGH | E13: 132 | F13: SRON 2 | G13: 905 | H13: 49.3 | I13: 0 | J13: n/a | K13: n/a | L13: 50 | N13: SRON 905 only
A14: Stage: Ride Through | B14: Perda | C14: Bedong | D14: BDNG | E14: 275 | F14: PWGR 1 & 2 feeders | G14: L35 & L45 | H14: 49.3 | I14: 0 | J14: n/a | K14: n/a | L14: 6 | N14: PWGR
A15: Stage: Ride Through | B15: Perda | C15: Prai Industrial | D15: PRID | E15: 132 | F15: SRON & SRNW | G15: 505 & 605 | H15: 49.3 | I15: 0 | J15: n/a | K15: n/a | L15: 17 | N15: SRON & SRNW
A16: Stage: Ride Through | B16: Perda | C16: SKS Prai | D16: SKSP | E16: 132 | F16: MWTA 1 & 2 | G16: 105 & 205 | H16: 49.3 | I16: 0 | J16: n/a | K16: n/a | L16: 46 | N16: MWTA
A17: Stage 1: 49.2Hz | B17: Johor Bahru | C17: Cahaya Baru | D17: CBRU | E17: 22 | F17: 132/22kV T1 & T2 | G17: 1T0 & 2T0 | H17: 49.2 | I17: 0 | J17: n/a | K17: n/a | L17: 21.3659 | N17: CBRU 22kV
A18: Stage 1: 49.2Hz | B18: Johor Bahru | C18: Pasir Gudang Darat | D18: PGDT | E18: 22 | F18: 132/22kV T1 & T2 | G18: 1T0 & 2T0 | H18: 49.2 | I18: 0 | J18: n/a | K18: n/a | L18: 21.8789 | N18: PGDT 22kV
A19: Stage 1: 49.2Hz | B19: Johor Bahru | C19: Tampoi Industries | D19: TMPI | E19: 33 | F19: 132/33kV T1 & T2 | G19: 1T0 & 2T0 | H19: 49.2 | I19: 0 | J19: n/a | K19: n/a | L19: 64.0768 | N19: TMPI 33kV
A20: Stage 1: 49.2Hz | B20: Perda | C20: Sungai Ara (GIS) | D20: SARA | E20: 33 | F20: 132/33kV T1 & T2 | G20: 1T0 & 2T0 | H20: 49.2 | I20: 0 | J20: n/a | K20: n/a | L20: 41.5461 | N20: SARA 33kV
A21: Stage 1: 49.2Hz | B21: Kuantan | C21: Pekan Industri AIP | D21: PKNI | E21: 33 | F21: 132/33kV T1 & T2 | G21: 1T0 & 2T1 | H21: 49.2 | I21: 0 | J21: n/a | K21: n/a | L21: 18.5562 | N21: PKNI 33kV
A22: Stage 1: 49.2Hz | B22: Ayer Keroh | C22: Hicom Pegoh | D22: HPGH | E22: 33 | F22: 132/33kV T1 & T2 | G22: 1T0 & 2T0 | H22: 49.2 | I22: 0 | J22: n/a | K22: n/a | L22: 15.3861 | N22: HPGH 33kV
A23: Stage 1: 49.2Hz | B23: Seremban | C23: Enstek | D23: ESTK | E23: 33 | F23: 132/33kV T1 & T2 | G23: 1T0 & 2T0 | H23: 49.2 | I23: 0 | J23: n/a | K23: n/a | L23: 36.4197 | N23: ESTK 33kV
A24: Stage 1: 49.2Hz | B24: Seremban | C24: Kg. Repah | D24: KRPH | E24: 11 | F24: 132/11kV T1 & T2 | G24: 30 & 32 | H24: 49.2 | I24: 0 | J24: n/a | K24: n/a | L24: 20.2233 | N24: KRPH 11kV
A25: Stage 1: 49.2Hz | B25: Ipoh | C25: Pengkalan Industri | D25: PKID | E25: 11 | F25: 132/11kV T1 & T2 | G25: 31 & 32 | H25: 49.2 | I25: 0 | J25: n/a | K25: n/a | L25: 21.5372 | N25: PKID 11kV
... A30: Stage 1: 49.2Hz | B30: Kuala Lumpur | C30: Damansara City | D30: DCTY | E30: 33 | F30: 132/33kV T1 & T2 | G30: 1T0 & 2T0 | H30: 49.2 | I30: 0 | J30: n/a | K30: n/a | L30: 28.4475 | N30: DCTY 33kV
A31: Stage 1: 49.2Hz | B31: Kuala Lumpur | C31: Manjalara | D31: MJLR | E31: 33 | F31: 132/33kV T1 & T2 | G31: 1T0 & 2T0 | H31: 49.2 | I31: 0 | J31: n/a | K31: n/a | L31: 89.8683 | N31: MJLR 33kV | Q31: 0.9 | R31: 30 | S31: 1
A32: Stage 1: 49.2Hz | B32: Kuala Lumpur | C32: Sri Hartamas | D32: SHMS | E32: 33 | F32: 132/33kV T1 & T2 | G32: 1T0 & 2T0 | H32: 49.2 | I32: 0 | J32: n/a | K32: n/a | L32: 71.0055 | N32: SHMS 33kV
A33: Stage 1: 49.2Hz | B33: Kuala Lumpur | C33: Suncity GIS | D33: SCTY | E33: 33 | F33: 132/33kV T1 & T2 | G33: 1T0 & 2T2 | H33: 49.2 | I33: 0 | J33: n/a | K33: n/a | L33: 25.6995 | N33: SCTY 33kV
A34: Stage 1: 49.2Hz | B34: Kuala Lumpur | C34: Cheras Jaya | D34: CJYA | E34: 33 | F34: 132/33kV T1, T2 & T3 | G34: 1T0 & 2T0 & 3T0 | H34: 49.2 | I34: 0 | J34: n/a | K34: n/a | L34: 157.1371 | N34: CJYA 33kV
A35: Stage 1: 49.2Hz | B35: Kuala Lumpur | C35: Danau Desa | D35: DDSA | E35: 33 | F35: 132/33kV T3 & T4 | G35: 3T0 & 4T0 | H35: 49.2 | I35: 0 | J35: n/a | K35: n/a | L35: 60.7924 | N35: DDSA 33kV
A36: Stage 1: 49.2Hz | B36: Alor Setar | C36: Mergong | D36: MGON | E36: 11 | F36: 132/11kV T1 & T2 | G36: 31 & 32 | H36: 49.2 | I36: 0 | J36: n/a | K36: n/a | L36: 17.2107 | N36: MGON 11kV
A37: Stage 1: 49.2Hz | B37: Alor Setar | C37: Pauh | D37: PAUH | E37: 33 | F37: 132/33kV T1 & T2 | G37: 1T0 & 2T0 | H37: 49.2 | I37: 0 | J37: n/a | K37: n/a | L37: 42.691 | N37: PAUH 33kV
A38: Stage 2: 49.1Hz | B38: Ipoh | C38: Temoh | D38: TMOH | E38: 33 | F38: 132/33kV T3 & T4 | G38: 3T0 & 4T0 | H38: 49.1 | I38: 0 | J38: n/a | K38: n/a | L38: 22.3732 | N38: TMOH 33kV
A39: Stage 2: 49.1Hz | B39: Ipoh | C39: Kelebang | D39: KLBG | E39: 33 | F39: 132/33kV T3 & T4 | G39: 3T0, 4T0 & 1W0 | H39: 49.1 | I39: 0 | J39: n/a | K39: n/a | L39: 24.6724 | N39: KLBG 33kV
A40: Stage 2: 49.1Hz | B40: Ipoh | C40: New Khantan | D40: NKAN | E40: 33 | F40: 132/33kV T1 & T2 | G40: 1T0 & 2T0 | H40: 49.1 | I40: 0 | J40: n/a | K40: n/a | L40: 32.1433 | N40: NKAN 33kV
A41: Stage 2: 49.1Hz | B41: Ipoh | C41: Tasik | D41: TASK | E41: 33 | F41: 132/33kV T1 & T2 | G41: 1T0 & 2T0 | H41: 49.1 | I41: 0 | J41: n/a | K41: n/a | L41: 8.5343 | N41: TASK 22kV
A42: Stage 2: 49.1Hz | B42: Kuala Lumpur | C42: SPPK Cheras | D42: SPKC | E42: 33 | F42: 132/33kV T3 & T4 & T5 | G42: 3T0 & 4T0 & 1W0 & 5T0 | H42: 49.1 | I42: 0 | J42: n/a | K42: n/a | L42: 123.2475 | N42: SPKC 33kV
A43: Stage 2: 49.1Hz | B43: Kuala Lumpur | C43: National University | D43: NUNI | E43: 11 | F43: 132/11kV T1 & T2 | G43: 31 & 32 | H43: 49.1 | I43: 0 | J43: n/a | K43: n/a | L43: 24.5161 | N43: NUNI 11kV
A44: Stage 2: 49.1Hz | B44: Johor Bahru | C44: Plentong | D44: PLTG | E44: 230 | F44: WA18 1 & 2 | G44: H10 & H20 | H44: 49.1 | I44: 0 | J44: n/a | K44: n/a | L44: - | N44: TNB-Singapore Interconnection
A45: Stage 2: 49.1Hz | B45: Johor Bahru | C45: Tebrau | D45: TBRU | E45: 22 | F45: 132/22kV T1 & T2 | G45: 1T0 & 2T0 | H45: 49.1 | I45: 0 | J45: n/a | K45: n/a | L45: 29.3428 | N45: TBRU 22kV
A46: Stage 2: 49.1Hz | B46: Kuantan | C46: Kampung Awah | D46: KAWA | E46: 132 | F46: KRYG 1 & 2 | G46: 305 & 405 | H46: 49.1 | I46: 0 | J46: n/a | K46: n/a | L46: 30 | N46: KRYG
A47: Stage 2: 49.1Hz | B47: Seremban | C47: Tuanku Jaafar (GIS) | D47: TJGS | E47: 132 | F47: SHEL 1 & 2 | G47: 505 & 605 | H47: 49.1 | I47: 0 | J47: n/a | K47: n/a | L47: 36 | N47: SHELL
A48: Stage 2: 49.1Hz | B48: Selangor | C48: Hicom | D48: HCOM | E48: 33 | F48: 132/33kV T1 & T2 | G48: 1T0 & 2T0 | H48: 49.1 | I48: 0 | J48: n/a | K48: n/a | L48: 77.918 | N48: HCOM 33 kV
A49: Stage 2: 49.1Hz | B49: Selangor | C49: Shah Alam East | D49: SHAE | E49: 33 | F49: 132/33kV T3 & T4 & T5 | G49: 3T0 & 4T0 & 5T0 | H49: 49.1 | I49: 0 | J49: n/a | K49: n/a | L49: 72.8698 | N49: SHAE 33kV
A50: Stage 2: 49.1Hz | B50: Selangor | C50: Shah Alam South | D50: SHAS | E50: 33 | F50: 132/33kV T1 & T2 | G50: 1T0 & 2T0 | H50: 49.1 | I50: 0 | J50: n/a | K50: n/a | L50: 64 | N50: SHAS 33kV
A51: Stage 2: 49.1Hz | B51: Kota Bharu | C51: Panchor | D51: PCOR | E51: 33 | F51: 132/33kV T2 & T3 & T4 | G51: 2T0, 3T0 & 4T0 | H51: 49.1 | I51: 0 | J51: n/a | K51: n/a | L51: 67.9031 | N51: PCOR 33kV | P51: Category 2: New assignment (to include 2T0)
A52: Stage 2: 49.1Hz | B52: Kluang | C52: Johor Tengah | D52: JTGH | E52: 11 | F52: 132/11kV T1 & T2 | G52: 31 & 32 | H52: 49.1 | I52: 0 | J52: n/a | K52: n/a | L52: 20.2863 | N52: JTGH 11kV
A53: Stage 2: 49.1Hz | B53: Perda | C53: Seberang Jaya | D53: SJAY | E53: 33 | F53: 132/33kV T1 & T2 | G53: 1T0 & 2T0 | H53: 49.1 | I53: 0 | J53: n/a | K53: n/a | L53: 74.3213 | N53: SJAY 33kV
A54: Stage 2: 49.1Hz | B54: Perda | C54: Taman Intan | D54: INTN | E54: 33 | F54: 132/33kV T3 & T4 | G54: 3T0&4T0 | H54: 49.1 | I54: 0 | J54: n/a | K54: n/a | L54: 51.9714 | N54: INTN 33kV
A55: Stage 2: 49.1Hz | B55: Perda | C55: Taman Intan | D55: INTN | E55: 11 | F55: 132/11kV T1 & T2 | G55: 31&32 | H55: 49.1 | I55: 0 | J55: n/a | K55: n/a | L55: 31.6547 | N55: INTN 22kV
A56: Stage 2: 49.1Hz | B56: Ayer Keroh | C56: Malacca Power Station | D56: MPSS | E56: 11 | F56: 132/11kV T1 & T2 | G56: 31 & 32 | H56: 49.1 | I56: 0 | J56: n/a | K56: n/a | L56: 9.404 | N56: MPSS 11kV
A57: Stage 3: 49.0Hz | B57: Kota Bharu | C57: Tunjang | D57: TJUG | E57: 33 | F57: 132/33kV T1 & T2 | G57: 1T0 & 2T0 | H57: 49 | I57: 0 | J57: n/a | K57: n/a | L57: 60 | N57: TJUG 33kV | P57: Category 2: New assignment (replacement for TMRH: KKRI & MACG defeated due to LSS in the pocket load)
A58: Stage 3: 49.0Hz | B58: Ayer Keroh | C58: Malim Jaya | D58: MJYA | E58: 11 | F58: 132/11kV T1 & T2 | G58: 31 & 32 | H58: 49 | I58: 0 | J58: n/a | K58: n/a | L58: 26.877 | N58: MJYA 11kV
A59: Stage 3: 49.0Hz | B59: Ayer Keroh | C59: Muar | D59: MUAR | E59: 11 | F59: 132/11kV T2 & T3 | G59: 32 & 33 | H59: 49 | I59: 0 | J59: n/a | K59: n/a | L59: 32.3916 | N59: MUAR 11kV
A60: Stage 3: 49.0Hz | B60: Selangor | C60: Bukit Rajah | D60: BRGS | E60: 11 | F60: 132/11kV T1 & T2 | G60: 31 & 32 | H60: 49 | I60: 0 | J60: n/a | K60: n/a | L60: 18.9852 | N60: BRGS 11 kV
A61: Stage 3: 49.0Hz | B61: Selangor | C61: Port Klang P/S | D61: PKLG | E61: 132 | F61: IGBK 1 & 2 | G61: 705 & 805 | H61: 49 | I61: 0 | J61: n/a | K61: n/a | L61: 130 | N61: IGBK & NKST
A62: Stage 3: 49.0Hz | B62: Selangor | C62: Bukit Beruntung | D62: BBTG | E62: 33 | F62: 132/33kV T3 & T4 | G62: 3T0 & 4T0 | H62: 49 | I62: 0 | J62: n/a | K62: n/a | L62: 41.8364 | N62: BBTG 33kV
A63: Stage 3: 49.0Hz | B63: Kuantan | C63: Bandar Indra Mahkota | D63: BIMK | E63: 11 | F63: 132/11kV T1 & T2 | G63: 31 & 32 | H63: 49 | I63: 0 | J63: n/a | K63: n/a | L63: 28.0406 | N63: BIMK 11kV
A64: Stage 3: 49.0Hz | B64: Kuantan | C64: Bandar Indra Mahkota | D64: BIMK | E64: 33 | F64: 132/33kV T3 & T4 | G64: 3T0 & 4T0 | H64: 49 | I64: 0 | J64: n/a | K64: n/a | L64: 98.0819 | N64: BIMK 33kV
A65: Stage 3: 49.0Hz | B65: Kuantan | C65: Bentong | D65: BNTG | E65: 11 | F65: 132/11kV T1 & T2 | G65: 31 & 32 | H65: 49 | I65: 0 | J65: n/a | K65: n/a | L65: 23.208 | N65: BNTG 11kV
A66: Stage 3: 49.0Hz | B66: Perda | C66: Butterworth North | D66: BWTN | E66: 33 | F66: 132/33 kV T1 & T2 | G66: 1T0 & 2T0 | H66: 49 | I66: 0 | J66: n/a | K66: n/a | N66: BWTN 33kV
A67: Stage 3: 49.0Hz | B67: Perda | C67: Butterworth North | D67: BWTN | E67: 11 | F67: 132/11kV T5 | G67: 35 | H67: 49 | I67: 0 | J67: n/a | K67: n/a | N67: BWTN 11kV
A68: Stage 3: 49.0Hz | B68: Perda | C68: Prai GIS | D68: PRGS | E68: 33 | F68: 132/33kV T3 & T4 | G68: 3T0 & 4T0 | H68: 49 | I68: 0 | J68: n/a | K68: n/a | L68: 61.6121 | N68: PRGS 33 kV
A69: Stage 3: 49.0Hz | B69: Kuala Lumpur | C69: Serdang Raya | D69: SRDR | E69: 33 | F69: 132/33kV T1 & T2 | G69: 1T0 & 2T0 | H69: 49 | I69: 0 | J69: n/a | K69: n/a | L69: 85.1885 | N69: SRDR 33kV
A70: Stage 3: 49.0Hz | B70: Kuala Lumpur | C70: Ampang GIS | D70: AMPG | E70: 33 | F70: 132/33kV T3 & T4 | G70: 3T0 & 4T0 | H70: 49 | I70: 0 | J70: n/a | K70: n/a | L70: 75.8672 | N70: AMPG T3&T4
A71: Stage 3: 49.0Hz | B71: Kuala Lumpur | C71: Air Hitam | D71: AHTM | E71: 33 | F71: 132/33kV T1 & T2 | G71: 1T0 & 2T0 | H71: 49 | I71: 0 | J71: n/a | K71: n/a | L71: 65.0735 | N71: AHTM 33kV
A72: Stage 3: 49.0Hz | B72: Kuala Lumpur | C72: Bukit Jalil | D72: BJLL | E72: 33 | F72: 132/33kV T1 & T2 | G72: 1T0 & 2T0 | H72: 49 | I72: 0 | J72: n/a | K72: n/a | L72: 85.6804 | N72: BJLL 33kV
A73: Stage 3: 49.0Hz | B73: Kuala Lumpur | C73: Balakong | D73: BLKG | E73: 33 | F73: 132/33kV T3 & T4 | G73: 3T0 & 4T0 | H73: 49 | I73: 0 | J73: n/a | K73: n/a | L73: 52.1303 | N73: BLKG 33 kV
A74: Stage 4: 48.9Hz | B74: Kota Bharu | C74: Kota Bharu | D74: KBRU | E74: 33 | F74: 132/33kV T1 & T3 & T5 | G74: 1T0 & 3T0 & 5T0 | H74: 48.9 | I74: 0 | J74: n/a | K74: n/a | L74: 82.5745 | N74: KBRU 33kV
A75: Stage 4: 48.9Hz | B75: Selangor | C75: PJ Selatan | D75: PJST | E75: 33 | F75: 132/33kV T1 & T2 | G75: 1T0 & 2T0 | H75: 48.9 | I75: 0 | J75: n/a | K75: n/a | L75: 65.7207 | N75: PJST 33 kV | P75: Category 1: Reassignment of operating stage (Freq1: 48.8Hz --> 48.9Hz)
A76: Stage 4: 48.9Hz | B76: Kluang | C76: Pasir Gudang Town Centre | D76: PGTC | E76: 33 | F76: 132/33kV T1 & T2 | G76: 1T0 & 2T0 | H76: 48.9 | I76: 0 | J76: n/a | K76: n/a | L76: 111.1269 | N76: PGTC 33kV | P76: Category 1: Reassignment of operating stage (Freq1: 49.2Hz --> 48.9Hz)
A77: Stage 4: 48.9Hz | B77: Johor Bahru | C77: Pasir Gudang Ind Est | D77: PGIE | E77: 22 | F77: 132/22kV T1 & T2 | G77: 1T0 & 2T0 | H77: 48.9 | I77: 0 | J77: n/a | K77: n/a | L77: 37.2708 | N77: PGIE 22kV
A78: Stage 4: 48.9Hz | B78: Johor Bahru | C78: Pasir Gudang Ind Est | D78: PGIE | E78: 22 | F78: 132/22kV T3 | G78: 3T0 | H78: 48.9 | I78: 0 | J78: n/a | K78: n/a | L78: 15.0562 | N78: PGIE 22kV
A79: Stage 4: 48.9Hz | B79: Selangor | C79: Puchong Jaya | D79: PCHJ | E79: 33 | F79: 132/33kV T1 & T2 | G79: 1T0 & 2T0 | H79: 48.9 | I79: 0 | J79: n/a | K79: n/a | L79: 83.0514 | N79: PCHJ 33kV
A80: Stage 4: 48.9Hz | B80: Selangor | C80: New Subang Uda | D80: NSDA | E80: 33 | F80: 132/33kV T1 & T2 | G80: 1T0 & 2T0 | H80: 48.9 | I80: 0 | J80: n/a | K80: n/a | L80: 62.5762 | N80: NSDA 33 kV
A81: Stage 4: 48.9Hz | B81: Kuala Lumpur | C81: Sri Damansara | D81: SDAM | E81: 33 | F81: 132/33kV T1 & T2 | G81: 1T0 & 2T0 | H81: 48.9 | I81: 0 | J81: n/a | K81: n/a | L81: 67.9905 | N81: SDAM 33kV | P81: Category 1: Reassignment of the stage (Freq1: 49.0Hz --> 48.9Hz) | Q81: 0.9 | R81: 60 | S81: 2
A82: Stage 4: 48.9Hz | B82: Kuala Lumpur | C82: New SEA Park | D82: NSPK | E82: 33 | F82: 132/33kV T1 & T2 | G82: 1T0 & 2T0 | H82: 48.9 | I82: 0 | J82: n/a | K82: n/a | L82: 68.1678 | N82: NSPK 33 kV | Q82: 0.9 | R82: 90 | S82: 3
A83: Stage 4: 48.9Hz | B83: Kuala Lumpur | C83: Serdang New | D83: SRDN | E83: 33 | F83: 132/33kV T1 & T2 | G83: 1T0&2T0 | H83: 48.9 | I83: 0 | J83: n/a | K83: n/a | L83: 51.941 | N83: SRDN 33kV
A84: Stage 4: 48.9Hz | B84: Seremban | C84: Sendayan | D84: SDYN | E84: 33 | F84: 132/33kV T1 & T2 | G84: 1T0 & 2T0 | H84: 48.9 | I84: 0 | J84: n/a | K84: n/a | L84: 64.8369 | N84: SDYN 33kV | P84: Category 1: Reassignment of the stage (Freq1: 49.1Hz --> 48.9Hz)
A85: Stage 4: 48.9Hz | B85: Seremban | C85: Lukut | D85: LKUT | E85: 11 | F85: 132/11kV T1 & T2 | G85: 31 & 32 | H85: 48.9 | I85: 0 | J85: n/a | K85: n/a | L85: 17.6596 | N85: LKUT 11kV
A86: Stage 4: 48.9Hz | B86: Kuantan | C86: Tanjong Gelang | D86: TGLN | E86: 11 | F86: 132/11kV T1 & T2 & T3 | G86: 31 & 32 & 33 | H86: 48.9 | I86: 0 | J86: n/a | K86: n/a | L86: 25.8429 | N86: TGLN 11kV
A87: Stage 5: 48.8Hz | B87: Alor Setar | C87: Kota Setar | D87: KSTR | E87: 11 | F87: 132/11kV T1 & T2 | G87: 31 & 32 | H87: 48.8 | I87: 0 | J87: n/a | K87: n/a | L87: 25.7531 | N87: KSTR 11kV
A88: Stage 5: 48.8Hz | B88: Kuala Lumpur | C88: Kg Chempaka | D88: KCPK | E88: 33 | F88: 132/33kV T1 & T2 | G88: 1T0 & 2T0 | H88: 48.8 | I88: 0 | J88: n/a | K88: n/a | L88: 71.7948 | N88: KCPK 33kV | Q88: 0.9 | R88: 30 | S88: 1
A89: Stage 5: 48.8Hz | B89: Selangor | C89: New Rawang | D89: NRWG | E89: 33 | F89: 132/33kV T1 & T2 | G89: 1T0 & 2T0 | H89: 48.8 | I89: 0 | J89: n/a | K89: n/a | L89: 74.945 | N89: NRWG 33 kV | Q89: 0.9 | R89: 90 | S89: 3
A90: Stage 5: 48.8Hz | B90: Selangor | C90: Bukit Kapar | D90: BKPR | E90: 33 | F90: 132/33kV T3 & T4 | G90: 3T0 & 4T0 | H90: 48.8 | I90: 0 | J90: n/a | K90: n/a | L90: 69.4631 | N90: BKPR 33kV
A91: Stage 5: 48.8Hz | B91: Selangor | C91: Temasya | D91: TMSY | E91: 33 | F91: 132/33kV T1 & T2 | G91: 1T0 & 2T0 | H91: 48.8 | I91: 0 | J91: n/a | K91: n/a | L91: 60.1524 | N91: TMSY 33 kV
A92: Stage 5: 48.8Hz | B92: Ayer Keroh | C92: Kelemak | D92: KLMK | E92: 132 | F92: MTNH 1 & 2 | G92: 105 & 205 | H92: 48.8 | I92: 0 | J92: n/a | K92: n/a | L92: 49 | N92: TKMG, PPJG, MTNH
A93: Stage 5: 48.8Hz | B93: Seremban | C93: Rantau | D93: RTAU | E93: 132 | F93: TKMG 1 & 2 | G93: 105 & 205 | H93: 48.8 | I93: 0 | J93: n/a | K93: n/a
A94: Stage 5: 48.8Hz | B94: Seremban | C94: Paroi | D94: PROI | E94: 132 | F94: TJID 1 & 2 | G94: 105 & 205 | H94: 48.8 | I94: 0 | J94: n/a | K94: n/a | L94: 140 | N94: TJID, TTJF, SSUN & STRA
A95: Stage 5: 48.8Hz | B95: Seremban | C95: Rasah | D95: RASA | E95: 132 | F95: Satria & TTJF | G95: 505 & 605 | H95: 48.8 | I95: 0 | J95: n/a | K95: n/a
A96: Stage 5: 48.8Hz | B96: Kuantan | C96: Bentong South | D96: BNTS | E96: 132 | F96: BNTG & RBDR | G96: 205 & 405 | H96: 48.8 | I96: 0 | J96: n/a | K96: n/a | L96: 133 | N96: BNTA, KLIP, JNKA, JTUT, RBDR | P96: Category 2: New assignment - add JTUT 705
A97: Stage 5: 48.8Hz | B97: Kuantan | C97: Kg. Awah | D97: KAWA | E97: 132 | F97: JNKA & JTUT | G97: 205 & 705 | H97: 48.8 | I97: 0 | J97: n/a | K97: n/a
A98: Stage 5: 48.8Hz | B98: Perda | C98: Air terjun | D98: ATJN | E98: 33 | F98: 132/33kV T3 & T4 | G98: 3T0 & 4T0 | H98: 48.8 | I98: 0 | J98: n/a | K98: n/a | L98: 56.7503 | N98: ATJN 33 kV
A99: Stage 5: 48.8Hz | B99: Perda | C99: Gurun | D99: GRUN | E99: 11 | F99: 132/11kV T1 & T2 | G99: 31 & 32 | H99: 48.8 | I99: 0 | J99: n/a | K99: n/a | L99: 9.3912 | N99: GRUN 11kV
A100: Stage 5: 48.8Hz | B100: Perda | C100: Jeniang | D100: JENG | E100: 33 | F100: 132/33kV T1 & T2 | G100: 1T0 & 2T0 | H100: 48.8 | I100: 0 | J100: n/a | K100: n/a | L100: 22.7999 | N100: JENG 33kV
A101: Stage 6: 48.7Hz | B101: Ipoh | C101: Lumut | D101: LMUT | E101: 33 | F101: 132/33kV T1 & T2 | G101: 1T0 & 2T0 | H101: 48.7 | I101: 0 | J101: n/a | K101: n/a | L101: 58.1226 | N101: LMUT 33kV
A102: Stage 6: 48.7Hz | B102: Ipoh | C102: Lumut Maritime | D102: LMTM | E102: 33 | F102: 132/33kV T3 & T4 | G102: 3T0 & 4T0 | H102: 48.7 | I102: 0 | J102: n/a | K102: n/a | L102: 72.3964 | N102: LMTM 33kV
A103: Stage 6: 48.7Hz | B103: Kuala Lumpur | C103: Mutiara Damansara | D103: MDAM | E103: 33 | F103: 132/33kV T1 & T2 | G103: 1T0 & 2T0 | H103: 48.7 | I103: 0 | J103: n/a | K103: n/a | L103: 38.9019 | N103: MDAM 33kV
A104: Stage 6: 48.7Hz | B104: Kuala Lumpur | C104: Batu Caves | D104: BCVS | E104: 33 | F104: 132/33kV T3 & T4 | G104: 3T0 & 4T0 | H104: 48.7 | I104: 0 | J104: n/a | K104: n/a | L104: 84.9599 | N104: BCVS 33kV | Q104: 0.9 | R104: 90 | S104: 3
...

Sheet TNB Load
A1: Bus Number | B1: Bus Name | D1: Id | E1: Zone Num | F1: Zone Name | G1: Owner Num | H1: Owner Name | I1: In Service | J1: Pload (MW) | K1: Qload (Mvar)
A2: 63177 | B2: AYTH132 132.00 | C2: =LEFT(B2,4) -> AYTH | D2: T7 | E2: 1 | F2: PERLIS | G2: 1 | H2: TNB T | I2: 1 | J2: 11.6897 | K2: 4.0861
A3: 61123 | B3: BKRS132 132.00 | C3: =LEFT(B3,4) -> BKRS | D3: T1 | E3: 1 | F3: PERLIS | G3: 1 | H3: TNB T | I3: 1 | J3: 21.2899 | K3: 0.2278
A4: 61123 | B4: BKRS132 132.00 | C4: =LEFT(B4,4) -> BKRS | D4: T2 | E4: 1 | F4: PERLIS | G4: 1 | H4: TNB T | I4: 1 | J4: 21.207 | K4: 0.2278
A5: 51089 | B5: CBJC132 132.00 | C5: =LEFT(B5,4) -> CBJC | D5: T1 | E5: 1 | F5: PERLIS | G5: 1 | H5: TNB T | I5: 1 | J5: 27.6561 | K5: -1.8784
A6: 96176 | B6: CMBG132 132.00 | C6: =LEFT(B6,4) -> CMBG | D6: T3 | E6: 1 | F6: PERLIS | G6: 1 | H6: TNB T | I6: 1 | J6: 18.4629 | K6: 1.8432
A7: 61101 | B7: CPNG132 132.00 | C7: =LEFT(B7,4) -> CPNG | D7: T1 | E7: 1 | F7: PERLIS | G7: 1 | H7: TNB T | I7: 1 | J7: 5.7418 | K7: 0.5561
A8: 61101 | B8: CPNG132 132.00 | C8: =LEFT(B8,4) -> CPNG | D8: T2 | E8: 1 | F8: PERLIS | G8: 1 | H8: TNB T | I8: 1 | J8: 5.7594 | K8: 0.5612
A9: 61137 | B9: KGAR132 132.00 | C9: =LEFT(B9,4) -> KGAR | D9: T1 | E9: 1 | F9: PERLIS | G9: 1 | H9: TNB T | I9: 1 | J9: 12.0377 | K9: 3.4565
A10: 61137 | B10: KGAR132 132.00 | C10: =LEFT(B10,4) -> KGAR | D10: T2 | E10: 1 | F10: PERLIS | G10: 1 | H10: TNB T | I10: 1 | J10: 11.7281 | K10: 0.1325
A11: 61137 | B11: KGAR132 132.00 | C11: =LEFT(B11,4) -> KGAR | D11: T3 | E11: 1 | F11: PERLIS | G11: 1 | H11: TNB T | I11: 1 | J11: 7.408 | K11: 0.1905
A12: 61137 | B12: KGAR132 132.00 | C12: =LEFT(B12,4) -> KGAR | D12: T4 | E12: 1 | F12: PERLIS | G12: 1 | H12: TNB T | I12: 1 | J12: 10.9504 | K12: 0.3707
A13: 61102 | B13: KPLS132 132.00 | C13: =LEFT(B13,4) -> KPLS | D13: T1 | E13: 1 | F13: PERLIS | G13: 1 | H13: TNB T | I13: 1 | J13: 9.0347 | K13: 1.1577
... A903: 97177 | B903: PBJB132 132.00 | C903: =LEFT(B903,4) -> PBJB | D903: T4 | E903: 9 | F903: JOHOR | G903: 1 | H903: TNB T | I903: 1 | J903: 43.2466 | K903: 3.6408
A904: 97244 | B904: PCGP275 275.00 | C904: =LEFT(B904,4) -> PCGP | D904: 1 | E904: 9 | F904: JOHOR | G904: 1 | H904: TNB T | I904: 1 | J904: 0 | K904: 0
A905: 97153 | B905: PGDT132 132.00 | C905: =LEFT(B905,4) -> PGDT | D905: T1 | E905: 9 | F905: JOHOR | G905: 1 | H905: TNB T | I905: 1 | J905: 2.4873 | K905: 0.0269
A906: 97153 | B906: PGDT132 132.00 | C906: =LEFT(B906,4) -> PGDT | D906: T2 | E906: 9 | F906: JOHOR | G906: 1 | H906: TNB T | I906: 1 | J906: 10.1427 | K906: 2.4842
A907: 97153 | B907: PGDT132 132.00 | C907: =LEFT(B907,4) -> PGDT | D907: T3 | E907: 9 | F907: JOHOR | G907: 40 | H907: CAPACITORS | I907: 1 | J907: 16.3681 | K907: 4.4123
A908: 97153 | B908: PGDT132 132.00 | C908: =LEFT(B908,4) -> PGDT | D908: T4 | E908: 9 | F908: JOHOR | G908: 40 | H908: CAPACITORS | I908: 1 | J908: 16.4624 | K908: 4.4516
A909: 97191 | B909: PGEH132 132.00 | C909: =LEFT(B909,4) -> PGEH | D909: T1 | E909: 9 | F909: JOHOR | G909: 1 | H909: TNB T | I909: 1 | J909: 2.0379 | K909: -0.378
A910: 97191 | B910: PGEH132 132.00 | C910: =LEFT(B910,4) -> PGEH | D910: T2 | E910: 9 | F910: JOHOR | G910: 1 | H910: TNB T | I910: 1 | J910: 2.0275 | K910: -0.3676
A911: 97123 | B911: PGIE132 132.00 | C911: =LEFT(B911,4) -> PGIE | D911: T1 | E911: 9 | F911: JOHOR | G911: 1 | H911: TNB T | I911: 1 | J911: 13.8622 | K911: 1.9882
A912: 97123 | B912: PGIE132 132.00 | C912: =LEFT(B912,4) -> PGIE | D912: T2 | E912: 9 | F912: JOHOR | G912: 1 | H912: TNB T | I912: 1 | J912: 13.8715 | K912: 1.9861
A913: 97123 | B913: PGIE132 132.00 | C913: =LEFT(B913,4) -> PGIE | D913: T3 | E913: 9 | F913: JOHOR | G913: 1 | H913: TNB T | I913: 1 | J913: 12.4343 | K913: 1.3068
A914: 97179 | B914: PGOH132 132.00 | C914: =LEFT(B914,4) -> PGOH | D914: T1 | E914: 9 | F914: JOHOR | G914: 1 | H914: TNB T | I914: 1 | J914: 3.4762 | K914: -0.5033
A915: 97179 | B915: PGOH132 132.00 | C915: =LEFT(B915,4) -> PGOH | D915: T2 | E915: 9 | F915: JOHOR | G915: 1 | H915: TNB T | I915: 1 | J915: 3.4658 | K915: -0.5136
A916: 97114 | B916: PGPS132 132.00 | C916: =LEFT(B916,4) -> PGPS | D916: N1 | E916: 9 | F916: JOHOR | G916: 1 | H916: TNB T | I916: 1 | J916: 0 | K916: 0
... A1068: 74101 | B1068: BTRT132 132.00 | C1068: =LEFT(B1068,4) -> BTRT | D1068: T2 | E1068: 10 | F1068: PAHANG | G1068: 1 | H1068: TNB T | I1068: 1 | J1068: 0.5478 | K1068: -0.1854
A1069: 74150 | B1069: CUFG132 132.00 | C1069: =LEFT(B1069,4) -> CUFG | D1069: 99 | E1069: 10 | F1069: PAHANG | G1069: 1 | H1069: TNB T | I1069: 1 | J1069: 0 | K1069: 0
A1070: 74137 | B1070: GBID132 132.00 | C1070: =LEFT(B1070,4) -> GBID | D1070: T1 | E1070: 10 | F1070: PAHANG | G1070: 1 | H1070: TNB T | I1070: 1 | J1070: 22.3958 | K1070: -0.3438
A1071: 74137 | B1071: GBID132 132.00 | C1071: =LEFT(B1071,4) -> GBID | D1071: T2 | E1071: 10 | F1071: PAHANG | G1071: 1 | H1071: TNB T | I1071: 1 | J1071: 0 | K1071: 0
A1072: 74138 | B1072: GBNG132 132.00 | C1072: =LEFT(B1072,4) -> GBNG | D1072: T1 | E1072: 10 | F1072: PAHANG | G1072: 1 | H1072: TNB T | I1072: 1 | J1072: 2.7917 | K1072: 0.5478
A1073: 74138 | B1073: GBNG132 132.00 | C1073: =LEFT(B1073,4) -> GBNG | D1073: T2 | E1073: 10 | F1073: PAHANG | G1073: 1 | H1073: TNB T | I1073: 1 | J1073: 7.7517 | K1073: 1.3089
A1074: 74138 | B1074: GBNG132 132.00 | C1074: =LEFT(B1074,4) -> GBNG | D1074: T3 | E1074: 10 | F1074: PAHANG | G1074: 40 | H1074: CAPACITORS | I1074: 1 | J1074: 12.6144 | K1074: 0.7062
A1075: 74138 | B1075: GBNG132 132.00 | C1075: =LEFT(B1075,4) -> GBNG | D1075: T4 | E1075: 10 | F1075: PAHANG | G1075: 40 | H1075: CAPACITORS | I1075: 1 | J1075: 12.4167 | K1075: 0.6959
A1076: 74125 | B1076: GTNG132 132.00 | C1076: =LEFT(B1076,4) -> GTNG | D1076: T1 | E1076: 10 | F1076: PAHANG | G1076: 1 | H1076: TNB T | I1076: 1 | J1076: 1.0024 | K1076: -0.0228
A1077: 74125 | B1077: GTNG132 132.00 | C1077: =LEFT(B1077,4) -> GTNG | D1077: T2 | E1077: 10 | F1077: PAHANG | G1077: 1 | H1077: TNB T | I1077: 1 | J1077: 5.9552 | K1077: 0.4256
A1078: 74135 | B1078: JBRS132 132.00 | C1078: =LEFT(B1078,4) -> JBRS | D1078: T1 | E1078: 10 | F1078: PAHANG | G1078: 1 | H1078: TNB T | I1078: 1 | J1078: 9.0151 | K1078: -0.8243
A1079: 74135 | B1079: JBRS132 132.00 | C1079: =LEFT(B1079,4) -> JBRS | D1079: T2 | E1079: 10 | F1079: PAHANG | G1079: 1 | H1079: TNB T | I1079: 1 | J1079: 7.8035 | K1079: -1.3907
A1080: 74135 | B1080: JBRS132 132.00 | C1080: =LEFT(B1080,4) -> JBRS | D1080: T3 | E1080: 10 | F1080: PAHANG | G1080: 1 | H1080: TNB T | I1080: 1 | J1080: 4.1958 | K1080: -0.9837
A1081: 74135 | B1081: JBRS132 132.00 | C1081: =LEFT(B1081,4) -> JBRS | D1081: T4 | E1081: 10 | F1081: PAHANG | G1081: 1 | H1081: TNB T | I1081: 1 | J1081: 4.1772 | K1081: -0.9817
... A1151: 75144 | B1151: CKAI132 132.00 | C1151: =LEFT(B1151,4) -> CKAI | D1151: T2 | E1151: 11 | F1151: TGANU | G1151: 1 | H1151: TNB T | I1151: 1 | J1151: 12.7594 | K1151: 1.9799
A1152: 75150 | B1152: CUFK132 132.00 | C1152: =LEFT(B1152,4) -> CUFK | D1152: 99 | E1152: 11 | F1152: TGANU | G1152: 1 | H1152: TNB T | I1152: 1 | J1152: 0 | K1152: 0
A1153: 75118 | B1153: DGID132 132.00 | C1153: =LEFT(B1153,4) -> DGID | D1153: T1 | E1153: 11 | F1153: TGANU | G1153: 1 | H1153: TNB T | I1153: 1 | J1153: 0 | K1153: 0
A1154: 75118 | B1154: DGID132 132.00 | C1154: =LEFT(B1154,4) -> DGID | D1154: T2 | E1154: 11 | F1154: TGANU | G1154: 1 | H1154: TNB T | I1154: 1 | J1154: 25.8719 | K1154: -1.6848
A1155: 75103 | B1155: DGUN132 132.00 | C1155: =LEFT(B1155,4) -> DGUN | D1155: T1 | E1155: 11 | F1155: TGANU | G1155: 1 | H1155: TNB T | I1155: 1 | J1155: 5.2179 | K1155: 0.1408
A1156: 75103 | B1156: DGUN132 132.00 | C1156: =LEFT(B1156,4) -> DGUN | D1156: T2 | E1156: 11 | F1156: TGANU | G1156: 1 | H1156: TNB T | I1156: 1 | J1156: 5.1723 | K1156: 0.1512
A1157: 75116 | B1157: GBDK132 132.00 | C1157: =LEFT(B1157,4) -> GBDK | D1157: T1 | E1157: 11 | F1157: TGANU | G1157: 1 | H1157: TNB T | I1157: 1 | J1157: 10.6625 | K1157: 1.2643
A1158: 75116 | B1158: GBDK132 132.00 | C1158: =LEFT(B1158,4) -> GBDK | D1158: T2 | E1158: 11 | F1158: TGANU | G1158: 1 | H1158: TNB T | I1158: 1 | J1158: 10.6832 | K1158: 1.1846
A1159: 75116 | B1159: GBDK132 132.00 | C1159: =LEFT(B1159,4) -> GBDK | D1159: T3 | E1159: 11 | F1159: TGANU | G1159: 1 | H1159: TNB T | I1159: 1 | J1159: 19.3752 | K1159: 0.1543
A1160: 75116 | B1160: GBDK132 132.00 | C1160: =LEFT(B1160,4) -> GBDK | D1160: T4 | E1160: 11 | F1160: TGANU | G1160: 1 | H1160: TNB T | I1160: 1 | J1160: 19.4291 | K1160: 0.1885
A1161: 75299 | B1161: HTRG275 275.00 | C1161: =LEFT(B1161,4) -> HTRG | D1161: T1 | E1161: 11 | F1161: TGANU | G1161: 1 | H1161: TNB T | I1161: 1 | J1161: 0 | K1161: 0
A1162: 75299 | B1162: HTRG275 275.00 | C1162: =LEFT(B1162,4) -> HTRG | D1162: T2 | E1162: 11 | F1162: TGANU | G1162: 1 | H1162: TNB T | I1162: 1 | J1162: 0 | K1162: 0
A1163: 75926 | B1163: HTRG_U3 11.000 | C1163: =LEFT(B1163,4) -> HTRG | D1163: X1 | E1163: 11 | F1163: TGANU | G1163: 1 | H1163: TNB T | I1163: 1 | J1163: 0 | K1163: 0
A1164: 75927 | B1164: HTRG_U4 11.000 | C1164: =LEFT(B1164,4) -> HTRG | D1164: X1 | E1164: 11 | F1164: TGANU | G1164: 1 | H1164: TNB T | I1164: 1 | J1164: 0 | K1164: 0
... A1448: 561145 | B1448: KCMT132R 132.00 | C1448: =LEFT(B1448,4) -> KCMT | D1448: F2 | E1448: 15 | F1448: LANGKAWI | G1448: 100 | H1448: LPC | I1448: 1 | J1448: 26.1764 | K1448: 10.0278

Sheet UFLS 2024
B1: UFLS2024
B3: Bus Number | C3: Id | D3: Hz | E3: Substation | F3: Zone | G3: Load (PSSE)
B4: 97178 | C4: T2 | D4: 49.2 | E4: CBRU132 | F4: JOHOR | G4: 8.9519
B5: 97178 | C5: T1 | D5: 49.2 | E5: CBRU132 | F5: JOHOR | G5: 8.9871
B6: 97153 | C6: T2 | D6: 49.2 | E6: PGDT132 | F6: JOHOR | G6: 10.1427
B7: 97153 | C7: T1 | D7: 49.2 | E7: PGDT132 | F7: JOHOR | G7: 2.4873
B8: 97192 | C8: T2 | D8: 49.2 | E8: TMPI132 | F8: JOHOR | G8: 27.9139
B9: 97192 | C9: T1 | D9: 49.2 | E9: TMPI132 | F9: JOHOR | G9: 29.0913
B10: 62128 | C10: T2 | D10: 49.2 | E10: SARA132 | F10: P PINANG | G10: 35.7174
B11: 62128 | C11: T1 | D11: 49.2 | E11: SARA132 | F11: P PINANG | G11: 35.6077
B12: 74115 | C12: T2 | D12: 49.2 | E12: PKNI132 | F12: PAHANG | G12: 6.3124
B13: 74115 | C13: T1 | D13: 49.2 | E13: PKNI132 | F13: PAHANG | G13: 6.2824
B14: 96106 | C14: T2 | D14: 49.2 | E14: HPGH132 | F14: MELAKA | G14: 6.0111
B15: 96106 | C15: T1 | D15: 49.2 | E15: HPGH132 | F15: MELAKA | G15: 5.9893
... B141: 74106 | C141: T3 | D141: 48.9 | E141: TGLN132 | F141: PAHANG | G141: 11.2642
B142: #N/A | C142: T2 | D142: 48.8 | E142: KSTR132 | F142: #N/A | G142: #N/A
B143: #N/A | C143: T1 | D143: 48.8 | E143: KSTR132 | F143: #N/A | G143: #N/A
B144: 51031 | C144: T2 | D144: 48.8 | E144: KCPK132 | F144: SELANGOR | G144: 31.0246
B145: 51031 | C145: T1 | D145: 48.8 | E145: KCPK132 | F145: SELANGOR | G145: 31.1292
B146: 51200 | C146: T2 | D146: 48.8 | E146: NRWG132 | F146: SELANGOR | G146: 37.5762
B147: 51200 | C147: T1 | D147: 48.8 | E147: NRWG132 | F147: SELANGOR | G147: 37.6476
B148: 51045 | C148: T4 | D148: 48.8 | E148: BKPR132 | F148: SELANGOR | G148: 38.7432
B149: 51045 | C149: T3 | D149: 48.8 | E149: BKPR132 | F149: SELANGOR | G149: 38.7349
B150: 51084 | C150: T2 | D150: 48.8 | E150: TMSY132 | F150: SELANGOR | G150: 15.4766
B151: 51084 | C151: T1 | D151: 48.8 | E151: TMSY132 | F151: SELANGOR | G151: 15.5138
B152: 96144 | C152: T2 | D152: 48.8 | E152: TKMG132 | F152: NS | G152: 6.827
B153: 96144 | C153: T1 | D153: 48.8 | E153: TKMG132 | F153: NS | G153: 6.8529
B154: 96147 | C154: T2 | D154: 48.8 | E154: PPJG132 | F154: MELAKA | G154: 10.589
B155: 96147 | C155: T1 | D155: 48.8 | E155: PPJG132 | F155: MELAKA | G155: 0
... B157: 96173 | C157: T5 | D157: 48.8 | E157: MTNH132 | F157: MELAKA | G157: 11.3801
B158: #N/A | C158: T4 | D158: 48.8 | E158: MTNH132 | F158: #N/A | G158: #N/A
B159: 96173 | C159: T3 | D159: 48.8 | E159: MTNH132 | F159: MELAKA | G159: 2.8093
B160: 96173 | C160: T2 | D160: 48.8 | E160: MTNH132 | F160: MELAKA | G160: 6.2451
B161: 96173 | C161: T1 | D161: 48.8 | E161: MTNH132 | F161: MELAKA | G161: 6.2285
B162: 96135 | C162: T4 | D162: 48.8 | E162: TJID132 | F162: NS | G162: 19.9893
B163: 96135 | C163: T3 | D163: 48.8 | E163: TJID132 | F163: NS | G163: 19.9675
B164: 96135 | C164: T2 | D164: 48.8 | E164: TJID132 | F164: NS | G164: 7.8615
B165: 96135 | C165: T1 | D165: 48.8 | E165: TJID132 | F165: NS | G165: 11.1275
B166: 96129 | C166: T2 | D166: 48.8 | E166: TTJF132 | F166: NS | G166: 14.9029
B167: 96129 | C167: T1 | D167: 48.8 | E167: TTJF132 | F167: NS | G167: 14.8677
B168: 96193 | C168: T5 | D168: 48.8 | E168: SSUN132 | F168: NS | G168: 0
B169: 96193 | C169: T4 | D169: 48.8 | E169: SSUN132 | F169: NS | G169: 0
B170: 96193 | C170: T3 | D170: 48.8 | E170: SSUN132 | F170: NS | G170: 0
... B388: 61112 | C388: T1 | D388: 48.4 | E388: TKBU132 | F388: KEDAH | G388: 31.6376
B389: #N/A | C389: T3 | D389: 48.3 | E389: TPOI132 | F389: #N/A | G389: #N/A
B390: 97127 | C390: T2 | D390: 48.3 | E390: TPOI132 | F390: JOHOR | G390: 11.9165
B391: 97127 | C391: T1 | D391: 48.3 | E391: TPOI132 | F391: JOHOR | G391: 11.9093
B392: 97129 | C392: T2 | D392: 48.3 | E392: BPHT132 | F392: JOHOR | G392: 11.8906
B393: 97129 | C393: T1 | D393: 48.3 | E393: BPHT132 | F393: JOHOR | G393: 11.055
B394: 97121 | C394: T2 | D394: 48.3 | E394: TPCH132 | F394: JOHOR | G394: 4.8668
B395: 97121 | C395: T1 | D395: 48.3 | E395: TPCH132 | F395: JOHOR | G395: 11.4329
B396: 97107 | C396: T2 | D396: 48.3 | E396: YGPG132 | F396: JOHOR | G396: 9.8683
B397: 97107 | C397: T1 | D397: 48.3 | E397: YGPG132 | F397: JOHOR | G397: 11.4443
B398: 51057 | C398: T4 | D398: 48.3 | E398: MERU132 | F398: SELANGOR | G398: 44.0532
B399: 51057 | C399: T3 | D399: 48.3 | E399: MERU132 | F399: SELANGOR | G399: 43.9352
B400: 51009 | C400: T3 | D400: 48.3 | E400: PROT132 | F400: SELANGOR | G400: 49.7164
B401: 51009 | C401: T2 | D401: 48.3 | E401: PROT132 | F401: SELANGOR | G401: 32.2796
... B508: 97125 | C508: T3 | D508: 48.1 | E508: SSLG132 | F508: JOHOR | G508: 4.5013

Sheet Working tab (ref)
A2: Assigned Feeders | B2: CB | C2: MW Quantum 2024 | D2: MW Quantum 2025 | E2: Load Area Affected | H2: UFLS DYR | O2: Load (PSSE) | R2: PSSE | Z2: PSSE (reference)
A3: 132/22kV T1 & T2 | B3: 1T0 & 2T0 | C3: 21.3659 | E3: CBRU 22kV | H3: =VLOOKUP(AH3,$AD$3:$AF$1300,3,FALSE) -> 97178 | I3: T2 | J3: 49.2 | K3: CBRU132 | M3: =K3&I3 -> CBRU132T2 | N3: =VLOOKUP(H3,'TNB Load'!$A$2:$F$1448,6,FALSE) -> JOHOR | O3: =VLOOKUP(M3,$W$3:$X$1300,2,FALSE) -> 8.9519 | R3: 63177 | S3: AYTH132 132.00 | T3: T7 | U3: =LEFT(S3,7) -> AYTH132 | W3: =U3&T3 -> AYTH132T7 | X3: 11.6897 | Z3: AYTH132 132.00 | AA3: T7 | AB3: AYTH132 | AD3: AYTH132T7 | AE3: 11.6897 | AF3: 63177 | AH3: CBRU132T2
A4: 132/22kV T1 & T2 | B4: 1T0 & 2T0 | C4: 21.8789 | E4: PGDT 22kV | H4: =VLOOKUP(AH4,$AD$3:$AF$1300,3,FALSE) -> 97178 | I4: T1 | J4: 49.2 | K4: CBRU132 | M4: =K4&I4 -> CBRU132T1 | N4: =VLOOKUP(H4,'TNB Load'!$A$2:$F$1448,6,FALSE) -> JOHOR | O4: =VLOOKUP(M4,$W$3:$X$1300,2,FALSE) -> 8.9871 | R4: 61123 | S4: BKRS132 132.00 | T4: T1 | U4: =LEFT(S4,7) -> BKRS132 | W4: =U4&T4 -> BKRS132T1 | X4: 21.2899 | Z4: BKRS132 132.00 | AA4: T1 | AB4: BKRS132 | AD4: BKRS132T1 | AE4: 21.2899 | AF4: 61123 | AH4: CBRU132T1
A5: 132/33kV T1 & T2 | B5: 1T0 & 2T0 | C5: 64.0768 | E5: TMPI 33kV | H5: =VLOOKUP(AH5,$AD$3:$AF$1300,3,FALSE) -> 97153 | I5: T2 | J5: 49.2 | K5: PGDT132 | M5: =K5&I5 -> PGDT132T2 | N5: =VLOOKUP(H5,'TNB Load'!$A$2:$F$1448,6,FALSE) -> JOHOR | O5: =VLOOKUP(M5,$W$3:$X$1300,2,FALSE) -> 10.1427 | R5: 61123 | S5: BKRS132 132.00 | T5: T2 | U5: =LEFT(S5,7) -> BKRS132 | W5: =U5&T5 -> BKRS132T2 | X5: 21.207 | Z5: BKRS132 132.00 | AA5: T2 | AB5: BKRS132 | AD5: BKRS132T2 | AE5: 21.207 | AF5: 61123 | AH5: PGDT132T2
A6: 132/33kV T1 & T2 | B6: 1T0 & 2T0 | C6: 41.5461 | E6: SARA 33kV | H6: =VLOOKUP(AH6,$AD$3:$AF$1300,3,FALSE) -> 97153 | I6: T1 | J6: 49.2 | K6: PGDT132 | M6: =K6&I6 -> PGDT132T1 | N6: =VLOOKUP(H6,'TNB Load'!$A$2:$F$1448,6,FALSE) -> JOHOR | O6: =VLOOKUP(M6,$W$3:$X$1300,2,FALSE) -> 2.4873 | R6: 51089 | S6: CBJC132 132.00 | T6: T1 | U6: =LEFT(S6,7) -> CBJC132 | W6: =U6&T6 -> CBJC132T1 | X6: 27.6561 | Z6: CBJC132 132.00 | AA6: T1 | AB6: CBJC132 | AD6: CBJC132T1 | AE6: 27.6561 | AF6: 51089 | AH6: PGDT132T1
A7: 132/33kV T1 & T2 | B7: 1T0 & 2T1 | C7: 18.5562 | E7: PKNI 33kV | H7: =VLOOKUP(AH7,$AD$3:$AF$1300,3,FALSE) -> 97192 | I7: T2 | J7: 49.2 | K7: TMPI132 | M7: =K7&I7 -> TMPI132T2 | N7: =VLOOKUP(H7,'TNB Load'!$A$2:$F$1448,6,FALSE) -> JOHOR | O7: =VLOOKUP(M7,$W$3:$X$1300,2,FALSE) -> 27.9139 | R7: 96176 | S7: CMBG132 132.00 | T7: T3 | U7: =LEFT(S7,7) -> CMBG132 | W7: =U7&T7 -> CMBG132T3 | X7: 18.4629 | Z7: CMBG132 132.00 | AA7: T3 | AB7: CMBG132 | AD7: CMBG132T3 | AE7: 18.4629 | AF7: 96176 | AH7: TMPI132T2
A8: 132/33kV T1 & T2 | B8: 1T0 & 2T0 | C8: 15.3861 | E8: HPGH 33kV | H8: =VLOOKUP(AH8,$AD$3:$AF$1300,3,FALSE) -> 97192 | I8: T1 | J8: 49.2 | K8: TMPI132 | M8: =K8&I8 -> TMPI132T1 | N8: =VLOOKUP(H8,'TNB Load'!$A$2:$F$1448,6,FALSE) -> JOHOR | O8: =VLOOKUP(M8,$W$3:$X$1300,2,FALSE) -> 29.0913 | R8: 61101 | S8: CPNG132 132.00 | T8: T1 | U8: =LEFT(S8,7) -> CPNG132 | W8: =U8&T8 -> CPNG132T1 | X8: 5.7418 | Z8: CPNG132 132.00 | AA8: T1 | AB8: CPNG132 | AD8: CPNG132T1 | AE8: 5.7418 | AF8: 61101 | AH8: TMPI132T1
A9: 132/33kV T1 & T2 | B9: 1T0 & 2T0 | C9: 36.4197 | E9: ESTK 33kV | H9: =VLOOKUP(AH9,$AD$3:$AF$1300,3,FALSE) -> 62128 | I9: T2 | J9: 49.2 | K9: SARA132 | M9: =K9&I9 -> SARA132T2 | N9: =VLOOKUP(H9,'TNB Load'!$A$2:$F$1448,6,FALSE) -> P PINANG | O9: =VLOOKUP(M9,$W$3:$X$1300,2,FALSE) -> 35.7174 | R9: 61101 | S9: CPNG132 132.00 | T9: T2 | U9: =LEFT(S9,7) -> CPNG132 | W9: =U9&T9 -> CPNG132T2 | X9: 5.7594 | Z9: CPNG132 132.00 | AA9: T2 | AB9: CPNG132 | AD9: CPNG132T2 | AE9: 5.7594 | AF9: 61101 | AH9: SARA132T2
A10: 132/11kV T1 & T2 | B10: 30 & 32 | C10: 20.2233 | E10: KRPH 11kV | H10: =VLOOKUP(AH10,$AD$3:$AF$1300,3,FALSE) -> 62128 | I10: T1 | J10: 49.2 | K10: SARA132 | M10: =K10&I10 -> SARA132T1 | N10: =VLOOKUP(H10,'TNB Load'!$A$2:$F$1448,6,FALSE) -> P PINANG | O10: =VLOOKUP(M10,$W$3:$X$1300,2,FALSE) -> 35.6077 | R10: 61137 | S10: KGAR132 132.00 | T10: T1 | U10: =LEFT(S10,7) -> KGAR132 | W10: =U10&T10 -> KGAR132T1 | X10: 12.0377 | Z10: KGAR132 132.00 | AA10: T1 | AB10: KGAR132 | AD10: KGAR132T1 | AE10: 12.0377 | AF10: 61137 | AH10: SARA132T1
A11: 132/11kV T1 & T2 | B11: 31 & 32 | C11: 21.5372 | E11: PKID 11kV | H11: =VLOOKUP(AH11,$AD$3:$AF$1300,3,FALSE) -> 74115 | I11: T2 | J11: 49.2 | K11: PKNI132 | M11: =K11&I11 -> PKNI132T2 | N11: =VLOOKUP(H11,'TNB Load'!$A$2:$F$1448,6,FALSE) -> PAHANG | O11: =VLOOKUP(M11,$W$3:$X$1300,2,FALSE) -> 6.3124 | R11: 61137 | S11: KGAR132 132.00 | T11: T2 | U11: =LEFT(S11,7) -> KGAR132 | W11: =U11&T11 -> KGAR132T2 | X11: 11.7281 | Z11: KGAR132 132.00 | AA11: T2 | AB11: KGAR132 | AD11: KGAR132T2 | AE11: 11.7281 | AF11: 61137 | AH11: PKNI132T2
A12: 132/33kV T3 & T4 | B12: 3T0 & 4T0 | C12: 25.2821 | E12: PKID 33kV | H12: =VLOOKUP(AH12,$AD$3:$AF$1300,3,FALSE) -> 74115 | I12: T1 | J12: 49.2 | K12: PKNI132 | M12: =K12&I12 -> PKNI132T1 | N12: =VLOOKUP(H12,'TNB Load'!$A$2:$F$1448,6,FALSE) -> PAHANG | O12: =VLOOKUP(M12,$W$3:$X$1300,2,FALSE) -> 6.2824 | R12: 61137 | S12: KGAR132 132.00 | T12: T3 | U12: =LEFT(S12,7) -> KGAR132 | W12: =U12&T12 -> KGAR132T3 | X12: 7.408 | Z12: KGAR132 132.00 | AA12: T3 | AB12: KGAR132 | AD12: KGAR132T3 | AE12: 7.408 | AF12: 61137 | AH12: PKNI132T1
A13: 132/33kV T3 & T4 | B13: 3T0, 4T0 & 1W0 | C13: 61.5771 | E13: KVRT 33 kV | H13: =VLOOKUP(AH13,$AD$3:$AF$1300,3,FALSE) -> 96106 | I13: T2 | J13: 49.2 | K13: HPGH132 | M13: =K13&I13 -> HPGH132T2 | N13: =VLOOKUP(H13,'TNB Load'!$A$2:$F$1448,6,FALSE) -> MELAKA | O13: =VLOOKUP(M13,$W$3:$X$1300,2,FALSE) -> 6.0111 | R13: 61137 | S13: KGAR132 132.00 | T13: T4 | U13: =LEFT(S13,7) -> KGAR132 | W13: =U13&T13 -> KGAR132T4 | X13: 10.9504 | Z13: KGAR132 132.00 | AA13: T4 | AB13: KGAR132 | AD13: KGAR132T4 | AE13: 10.9504 | AF13: 61137 | AH13: HPGH132T2
A14: 132/33kV T3 & T4 | B14: 3T0 & 4T0 | C14: 83.9211 | E14: MLBU 33kV | H14: =VLOOKUP(AH14,$AD$3:$AF$1300,3,FALSE) -> 96106 | I14: T1 | J14: 49.2 | K14: HPGH132 | M14: =K14&I14 -> HPGH132T1 | N14: =VLOOKUP(H14,'TNB Load'!$A$2:$F$1448,6,FALSE) -> MELAKA | O14: =VLOOKUP(M14,$W$3:$X$1300,2,FALSE) -> 5.9893 | R14: 61102 | S14: KPLS132 132.00 | T14: T1 | U14: =LEFT(S14,7) -> KPLS132 | W14: =U14&T14 -> KPLS132T1 | X14: 9.0347 | Z14: KPLS132 132.00 | AA14: T1 | AB14: KPLS132 | AD14: KPLS132T1 | AE14: 9.0347 | AF14: 61102 | AH14: HPGH132T1
... A29: 132/11kV T1 & T2 | B29: 31 & 32 | C29: 24.5161 | E29: NUNI 11kV | H29: =VLOOKUP(AH29,$AD$3:$AF$1300,3,FALSE) -> 88128 | I29: T2 | J29: 49.2 | K29: MJLR132 | M29: =K29&I29 -> MJLR132T2 | N29: =VLOOKUP(H29,'TNB Load'!$A$2:$F$1448,6,FALSE) -> WPKL | O29: =VLOOKUP(M29,$W$3:$X$1300,2,FALSE) -> 49.3467 | R29: 61124 | S29: BKHM132 132.00 | T29: T2 | U29: =LEFT(S29,7) -> BKHM132 | W29: =U29&T29 -> BKHM132T2 | X29: 6.0483 | Z29: BKHM132 132.00 | AA29: T2 | AB29: BKHM132 | AD29: BKHM132T2 | AE29: 6.0483 | AF29: 61124 | AH29: MJLR132T2
A30: WA18 1 & 2 | B30: H10 & H20 | C30: - | E30: TNB-Singapore Interconnection | H30: =VLOOKUP(AH30,$AD$3:$AF$1300,3,FALSE) -> 88128 | I30: T1 | J30: 49.2 | K30: MJLR132 | M30: =K30&I30 -> MJLR132T1 | N30: =VLOOKUP(H30,'TNB Load'!$A$2:$F$1448,6,FALSE) -> WPKL | O30: =VLOOKUP(M30,$W$3:$X$1300,2,FALSE) -> 49.94 | R30: 61124 | S30: BKHM132 132.00 | T30: T3 | U30: =LEFT(S30,7) -> BKHM132 | W30: =U30&T30 -> BKHM132T3 | X30: 18.2548 | Z30: BKHM132 132.00 | AA30: T3 | AB30: BKHM132 | AD30: BKHM132T3 | AE30: 18.2548 | AF30: 61124 | AH30: MJLR132T1
A31: 132/22kV T1 & T2 | B31: 1T0 & 2T0 | C31: 29.3428 | E31: TBRU 22kV | H31: =VLOOKUP(AH31,$AD$3:$AF$1300,3,FALSE) -> 88142 | I31: T2 | J31: 49.2 | K31: SHMS132 | M31: =K31&I31 -> SHMS132T2 | N31: =VLOOKUP(H31,'TNB Load'!$A$2:$F$1448,6,FALSE) -> WPKL | O31: =VLOOKUP(M31,$W$3:$X$1300,2,FALSE) -> 28.1138 | R31: 61124 | S31: BKHM132 132.00 | T31: T4 | U31: =LEFT(S31,7) -> BKHM132 | W31: =U31&T31 -> BKHM132T4 | X31: 18.319 | Z31: BKHM132 132.00 | AA31: T4 | AB31: BKHM132 | AD31: BKHM132T4 | AE31: 18.319 | AF31: 61124 | AH31: SHMS132T2
A32: KRYG 1 & 2 | B32: 305 & 405 | C32: 30 | E32: KRYG | H32: =VLOOKUP(AH32,$AD$3:$AF$1300,3,FALSE) -> 88142 | I32: T1 | J32: 49.2 | K32: SHMS132 | M32: =K32&I32 -> SHMS132T1 | N32: =VLOOKUP(H32,'TNB Load'!$A$2:$F$1448,6,FALSE) -> WPKL | O32: =VLOOKUP(M32,$W$3:$X$1300,2,FALSE) -> 28.2235 | R32: 61120 | S32: BSBU132 132.00 | T32: T1 | U32: =LEFT(S32,7) -> BSBU132 | W32: =U32&T32 -> BSBU132T1 | X32: 6.1395 | Z32: BSBU132 132.00 | AA32: T1 | AB32: BSBU132 | AD32: BSBU132T1 | AE32: 6.1395 | AF32: 61120 | AH32: SHMS132T1
A33: SHEL 1 & 2 | B33: 505 & 605 | C33: 36 | E33: SHELL | H33: =VLOOKUP(AH33,$AD$3:$AF$1300,3,FALSE) -> 88107 | I33: T2 | J33: 49.2 | K33: SCTY132 | M33: =K33&I33 -> SCTY132T2 | N33: =VLOOKUP(H33,'TNB Load'!$A$2:$F$1448,6,FALSE) -> WPKL | O33: =VLOOKUP(M33,$W$3:$X$1300,2,FALSE) -> 17.0774 | R33: 61120 | S33: BSBU132 132.00 | T33: T2 | U33: =LEFT(S33,7) -> BSBU132 | W33: =U33&T33 -> BSBU132T2 | X33: 6.1125 | Z33: BSBU132 132.00 | AA33: T2 | AB33: BSBU132 | AD33: BSBU132T2 | AE33: 6.1125 | AF33: 61120 | AH33: SCTY132T2
A34: 132/33kV T1 & T2 | B34: 1T0 & 2T0 | C34: 77.918 | E34: HCOM 33 kV | H34: =VLOOKUP(AH34,$AD$3:$AF$1300,3,FALSE) -> 88107 | I34: T1 | J34: 49.2 | K34: SCTY132 | M34: =K34&I34 -> SCTY132T1 | N34: =VLOOKUP(H34,'TNB Load'!$A$2:$F$1448,6,FALSE) -> WPKL | O34: =VLOOKUP(M34,$W$3:$X$1300,2,FALSE) -> 17.1303 | R34: 61120 | S34: BSBU132 132.00 | T34: T3 | U34: =LEFT(S34,7) -> BSBU132 | W34: =U34&T34 -> BSBU132T3 | X34: 0 | Z34: BSBU132 132.00 | AA34: T3 | AB34: BSBU132 | AD34: BSBU132T3 | AE34: 0 | AF34: 61120 | AH34: SCTY132T1
A35: 132/33kV T3 & T4 & T5 | B35: 3T0 & 4T0 & 5T0 | C35: 72.8698 | E35: SHAE 33kV | H35: =VLOOKUP(AH35,$AD$3:$AF$1300,3,FALSE) -> 51038 | I35: T3 | J35: 49.2 | K35: CJYA132 | M35: =K35&I35 -> CJYA132T3 | N35: =VLOOKUP(H35,'TNB Load'!$A$2:$F$1448,6,FALSE) -> SELANGOR | O35: =VLOOKUP(M35,$W$3:$X$1300,2,FALSE) -> 66.9274 | R35: 61120 | S35: BSBU132 132.00 | T35: T4 | U35: =LEFT(S35,7) -> BSBU132 | W35: =U35&T35 -> BSBU132T4 | X35: 0 | Z35: BSBU132 132.00 | AA35: T4 | AB35: BSBU132 | AD35: BSBU132T4 | AE35: 0 | AF35: 61120 | AH35: CJYA132T3
A36: 132/33kV T1 & T2 | B36: 1T0 & 2T0 | C36: 64 | E36: SHAS 33kV | H36: =VLOOKUP(AH36,$AD$3:$AF$1300,3,FALSE) -> 51038 | I36: T2 | J36: 49.2 | K36: CJYA132 | M36: =K36&I36 -> CJYA132T2 | N36: =VLOOKUP(H36,'TNB Load'!$A$2:$F$1448,6,FALSE) -> SELANGOR | O36: =VLOOKUP(M36,$W$3:$X$1300,2,FALSE) -> 33.5056 | R36: 61108 | S36: GCPD132 132.00 | T36: T1 | U36: =LEFT(S36,7) -> GCPD132 | W36: =U36&T36 -> GCPD132T1 | X36: 6.242 | Z36: GCPD132 132.00 | AA36: T1 | AB36: GCPD132 | AD36: GCPD132T1 | AE36: 6.242 | AF36: 61108 | AH36: CJYA132T2
A37: 132/33kV T2 & T3 & T4 | B37: 2T0, 3T0 & 4T0 | C37: 67.9031 | E37: PCOR 33kV | H37: =VLOOKUP(AH37,$AD$3:$AF$1300,3,FALSE) -> 51038 | I37: T1 | J37: 49.2 | K37: CJYA132 | M37: =K37&I37 -> CJYA132T1 | N37: =VLOOKUP(H37,'TNB Load'!$A$2:$F$1448,6,FALSE) -> SELANGOR | O37: =VLOOKUP(M37,$W$3:$X$1300,2,FALSE) -> 31.8343 | R37: 61108 | S37: GCPD132 132.00 | T37: T2 | U37: =LEFT(S37,7) -> GCPD132 | W37: =U37&T37 -> GCPD132T2 | X37: 6.2492 | Z37: GCPD132 132.00 | AA37: T2 | AB37: GCPD132 | AD37: GCPD132T2 | AE37: 6.2492 | AF37: 61108 | AH37: CJYA132T1
A38: 132/11kV T1 & T2 | B38: 31 & 32 | C38: 20.2863 | E38: JTGH 11kV | H38: =VLOOKUP(AH38,$AD$3:$AF$1300,3,FALSE) -> 88195 | I38: T4 | J38: 49.2 | K38: DDSA132 | M38: =K38&I38 -> DDSA132T4 | N38: =VLOOKUP(H38,'TNB Load'!$A$2:$F$1448,6,FALSE) -> WPKL | O38: =VLOOKUP(M38,$W$3:$X$1300,2,FALSE) -> 30.6943 | R38: 61116 | S38: GRNE132 132.00 | T38: T1 | U38: =LEFT(S38,7) -> GRNE132 | W38: =U38&T38 -> GRNE132T1 | X38: 16.9304 | Z38: GRNE132 132.00 | AA38: T1 | AB38: GRNE132 | AD38: GRNE132T1 | AE38: 16.9304 | AF38: 61116 | AH38: DDSA132T4
A39: 132/33kV T1 & T2 | B39: 1T0 & 2T0 | C39: 74.3213 | E39: SJAY 33kV | H39: =VLOOKUP(AH39,$AD$3:$AF$1300,3,FALSE) -> 88195 | I39: T3 | J39: 49.2 | K39: DDSA132 | M39: =K39&I39 -> DDSA132T3 | N39: =VLOOKUP(H39,'TNB Load'!$A$2:$F$1448,6,FALSE) -> WPKL | O39: =VLOOKUP(M39,$W$3:$X$1300,2,FALSE) -> 30.6777 | R39: 61116 | S39: GRNE132 132.00 | T39: T2 | U39: =LEFT(S39,7) -> GRNE132 | W39: =U39&T39 -> GRNE132T2 | X39: 16.9325 | Z39: GRNE132 132.00 | AA39: T2 | AB39: GRNE132 | AD39: GRNE132T2 | AE39: 16.9325 | AF39: 61116 | AH39: DDSA132T3
A40: 132/33kV T3 & T4 | B40: 3T0&4T0 | C40: 51.9714 | E40: INTN 33kV | H40: =VLOOKUP(AH40,$AD$3:$AF$1300,3,FALSE) -> 61119 | I40: T2 | J40: 49.2 | K40: MGON132 | M40: =K40&I40 -> MGON132T2 | N40: =VLOOKUP(H40,'TNB Load'!$A$2:$F$1448,6,FALSE) -> KEDAH | O40: =VLOOKUP(M40,$W$3:$X$1300,2,FALSE) -> 8.2529 | R40: 61109 | S40: GRUN132 132.00 | T40: T1 | U40: =LEFT(S40,7) -> GRUN132 | W40: =U40&T40 -> GRUN132T1 | X40: 4.7177 | Z40: GRUN132 132.00 | AA40: T1 | AB40: GRUN132 | AD40: GRUN132T1 | AE40: 4.7177 | AF40: 61109 | AH40: MGON132T2
A41: 132/11kV T1 & T2 | B41: 31&32 | C41: 31.6547 | E41: INTN 22kV | H41: =VLOOKUP(AH41,$AD$3:$AF$1300,3,FALSE) -> 61119 | I41: T1 | J41: 49.2 | K41: MGON132 | M41: =K41&I41 -> MGON132T1 | N41: =VLOOKUP(H41,'TNB Load'!$A$2:$F$1448,6,FALSE) -> KEDAH | O41: =VLOOKUP(M41,$W$3:$X$1300,2,FALSE) -> 8.2591 | R41: 61109 | S41: GRUN132 132.00 | T41: T2 | U41: =LEFT(S41,7) -> GRUN132 | W41: =U41&T41 -> GRUN132T2 | X41: 4.6991 | Z41: GRUN132 132.00 | AA41: T2 | AB41: GRUN132 | AD41: GRUN132T2 | AE41: 4.6991 | AF41: 61109 | AH41: MGON132T1
A42: 132/11kV T1 & T2 | B42: 31 & 32 | C42: 9.404 | E42: MPSS 11kV | H42: =VLOOKUP(AH42,$AD$3:$AF$1300,3,FALSE) -> 61132 | I42: T2 | J42: 49.2 | K42: PAUH132 | M42: =K42&I42 -> PAUH132T2 | N42: =VLOOKUP(H42,'TNB Load'!$A$2:$F$1448,6,FALSE) -> KEDAH | O42: =VLOOKUP(M42,$W$3:$X$1300,2,FALSE) -> 18.9869 | R42: 61131 | S42: GTHR132 132.00 | T42: T1 | U42: =LEFT(S42,7) -> GTHR132 | W42: =U42&T42 -> GTHR132T1 | X42: 45.9937 | Z42: GTHR132 132.00 | AA42: T1 | AB42: GTHR132 | AD42: GTHR132T1 | AE42: 45.9937 | AF42: 61131 | AH42: PAUH132T2
... A51: 132/11kV T1 & T2 | B51: 31 & 32 | C51: 23.208 | E51: BNTG 11kV | H51: =VLOOKUP(AH51,$AD$3:$AF$1300,3,FALSE) -> 63134 | I51: T1 | J51: 49.1 | K51: TASK132 | M51: =K51&I51 -> TASK132T1 | N51: =VLOOKUP(H51,'TNB Load'!$A$2:$F$1448,6,FALSE) -> PERAK | O51: =VLOOKUP(M51,$W$3:$X$1300,2,FALSE) -> 4.8461 | R51: 61141 | S51: KERC132 132.00 | T51: T2 | U51: =LEFT(S51,7) -> KERC132 | W51: =U51&T51 -> KERC132T2 | X51: 0 | Z51: KERC132 132.00 | AA51: T2 | AB51: KERC132 | AD51: KERC132T2 | AE51: 0 | AF51: 61141 | AH51: TASK132T1
A52: 132/33 kV T1 & T2 | B52: 1T0 & 2T0 | E52: BWTN 33kV | H52: =VLOOKUP(AH52,$AD$3:$AF$1300,3,FALSE) -> 88162 | I52: T5 | J52: 49.1 | K52: SPKC132 | M52: =K52&I52 -> SPKC132T5 | N52: =VLOOKUP(H52,'TNB Load'!$A$2:$F$1448,6,FALSE) -> WPKL | O52: =VLOOKUP(M52,$W$3:$X$1300,2,FALSE) -> 55.7688 | R52: 61122 | S52: KKTL132 132.00 | T52: T1 | U52: =LEFT(S52,7) -> KKTL132 | W52: =U52&T52 -> KKTL132T1 | X52: 2.9998 | Z52: KKTL132 132.00 | AA52: T1 | AB52: KKTL132 | AD52: KKTL132T1 | AE52: 2.9998 | AF52: 61122 | AH52: SPKC132T5
A53: 132/11kV T5 | B53: 35 | E53: BWTN 11kV | H53: =VLOOKUP(AH53,$AD$3:$AF$1300,3,FALSE) -> 88162 | I53: T4 | J53: 49.1 | K53: SPKC132 | M53: =K53&I53 -> SPKC132T4 | N53: =VLOOKUP(H53,'TNB Load'!$A$2:$F$1448,6,FALSE) -> WPKL | O53: =VLOOKUP(M53,$W$3:$X$1300,2,FALSE) -> 49.4036 | R53: 61122 | S53: KKTL132 132.00 | T53: T2 | U53: =LEFT(S53,7) -> KKTL132 | W53: =U53&T53 -> KKTL132T2 | X53: 6.8405 | Z53: KKTL132 132.00 | AA53: T2 | AB53: KKTL132 | AD53: KKTL132T2 | AE53: 6.8405 | AF53: 61122 | AH53: SPKC132T4
A54: 132/33kV T3 & T4 | B54: 3T0 & 4T0 | C54: 61.6121 | E54: PRGS 33 kV | H54: =VLOOKUP(AH54,$AD$3:$AF$1300,3,FALSE) -> 88162 | I54: T3 | J54: 49.1 | K54: SPKC132 | M54: =K54&I54 -> SPKC132T3 | N54: =VLOOKUP(H54,'TNB Load'!$A$2:$F$1448,6,FALSE) -> WPKL | O54: =VLOOKUP(M54,$W$3:$X$1300,2,FALSE) -> 49.6522 | R54: 61122 | S54: KKTL132 132.00 | T54: T3 | U54: =LEFT(S54,7) -> KKTL132 | W54: =U54&T54 -> KKTL132T3 | X54: 20.566 | Z54: KKTL132 132.00 | AA54: T3 | AB54: KKTL132 | AD54: KKTL132T3 | AE54: 20.566 | AF54: 61122 | AH54: SPKC132T3
A55: 132/33kV T1 & T2 | B55: 1T0 & 2T0 | C55: 85.1885 | E55: SRDR 33kV | H55: =VLOOKUP(AH55,$AD$3:$AF$1300,3,FALSE) -> 51023 | I55: T2 | J55: 49.1 | K55: NUNI132 | M55: =K55&I55 -> NUNI132T2 | N55: =VLOOKUP(H55,'TNB Load'!$A$2:$F$1448,6,FALSE) -> SELANGOR | O55: =VLOOKUP(M55,$W$3:$X$1300,2,FALSE) -> 13.096 | R55: 61122 | S55: KKTL132 132.00 | T55: T4 | U55: =LEFT(S55,7) -> KKTL132 | W55: =U55&T55 -> KKTL132T4 | X55: 20.7876 | Z55: KKTL132 132.00 | AA55: T4 | AB55: KKTL132 | AD55: KKTL132T4 | AE55: 20.7876 | AF55: 61122 | AH55: NUNI132T2
A56: 132/33kV T3 & T4 | B56: 3T0 & 4T0 | C56: 75.8672 | E56: AMPG T3&T4 | H56: =VLOOKUP(AH56,$AD$3:$AF$1300,3,FALSE) -> 51023 | I56: T1 | J56: 49.1 | K56: NUNI132 | M56: =K56&I56 -> NUNI132T1 | N56: =VLOOKUP(H56,'TNB Load'!$A$2:$F$1448,6,FALSE) -> SELANGOR | O56: =VLOOKUP(M56,$W$3:$X$1300,2,FALSE) -> 12.719 | R56: 61113 | S56: KLIM132 132.00 | T56: T1 | U56: =LEFT(S56,7) -> KLIM132 | W56: =U56&T56 -> KLIM132T1 | X56: 34.6395 | Z56: KLIM132 132.00 | AA56: T1 | AB56: KLIM132 | AD56: KLIM132T1 | AE56: 34.6395 | AF56: 61113 | AH56: NUNI132T1
A57: 132/33kV T1 & T2 | B57: 1T0 & 2T0 | C57: 65.0735 | E57: AHTM 33kV | H57: =VLOOKUP(AH57,$AD$3:$AF$1300,3,FALSE) -> 97186 | I57: T2 | J57: 49.1 | K57: TBRU132 | M57: =K57&I57 -> TBRU132T2 | N57: =VLOOKUP(H57,'TNB Load'!$A$2:$F$1448,6,FALSE) -> JOHOR | O57: =VLOOKUP(M57,$W$3:$X$1300,2,FALSE) -> 0 | R57: 61113 | S57: KLIM132 132.00 | T57: T2 | U57: =LEFT(S57,7) -> KLIM132 | W57: =U57&T57 -> KLIM132T2 | X57: 34.8683 | Z57: KLIM132 132.00 | AA57: T2 | AB57: KLIM132 | AD57: KLIM132T2 | AE57: 34.8683 | AF57: 61113 | AH57: TBRU132T2
A58: 132/33kV T1 & T2 | B58: 1T0 & 2T0 | C58: 85.6804 | E58: BJLL 33kV | H58: =VLOOKUP(AH58,$AD$3:$AF$1300,3,FALSE) -> 97186 | I58: T1 | J58: 49.1 | K58: TBRU132 | M58: =K58&I58 -> TBRU132T1 | N58: =VLOOKUP(H58,'TNB Load'!$A$2:$F$1448,6,FALSE) -> JOHOR | O58: =VLOOKUP(M58,$W$3:$X$1300,2,FALSE) -> 23.2293 | R58: 61135 | S58: KSSM132 132.00 | T58: T1 | U58: =LEFT(S58,7) -> KSSM132 | W58: =U58&T58 -> KSSM132T1 | X58: 5.3318 | Z58: KSSM132 132.00 | AA58: T1 | AB58: KSSM132 | AD58: KSSM132T1 | AE58: 5.3318 | AF58: 61135 | AH58: TBRU132T1
A59: 132/33kV T3 & T4 | B59: 3T0 & 4T0 | C59: 52.1303 | E59: BLKG 33 kV | H59: =VLOOKUP(AH59,$AD$3:$AF$1300,3,FALSE) -> 74145 | I59: T2 | J59: 49.1 | K59: KRYG132 | M59: =K59&I59 -> KRYG132T2 | N59: =VLOOKUP(H59,'TNB Load'!$A$2:$F$1448,6,FALSE) -> PAHANG | O59: =VLOOKUP(M59,$W$3:$X$1300,2,FALSE) -> 0 | R59: 61135 | S59: KSSM132 132.00 | T59: T2 | U59: =LEFT(S59,7) -> KSSM132 | W59: =U59&T59 -> KSSM132T2 | X59: 5.3515 | Z59: KSSM132 132.00 | AA59: T2 | AB59: KSSM132 | AD59: KSSM132T2 | AE59: 5.3515 | AF59: 61135 | AH59: KRYG132T2
A60: 132/33kV T1 & T3 & T5 | B60: 1T0 & 3T0 & 5T0 | C60: 82.5745 | E60: KBRU 33kV | H60: =VLOOKUP(AH60,$AD$3:$AF$1300,3,FALSE) -> 74145 | I60: T1 | J60: 49.1 | K60: KRYG132 | M60: =K60&I60 -> KRYG132T1 | N60: =VLOOKUP(H60,'TNB Load'!$A$2:$F$1448,6,FALSE) -> PAHANG | O60: =VLOOKUP(M60,$W$3:$X$1300,2,FALSE) -> 31.6769 | R60: 61135 | S60: KSSM132 132.00 | T60: T3 | U60: =LEFT(S60,7) -> KSSM132 | W60: =U60&T60 -> KSSM132T3 | X60: 12.456 | Z60: KSSM132 132.00 | AA60: T3 | AB60: KSSM132 | AD60: KSSM132T3 | AE60: 12.456 | AF60: 61135 | AH60: KRYG132T1
A61: 132/33kV T1 & T2 | B61: 1T0 & 2T0 | C61: 65.7207 | E61: PJST 33 kV | H61: =VLOOKUP(AH61,$AD$3:$AF$1300,3,FALSE) -> 96141 | I61: F2 | J61: 49.1 | K61: SHEL132 | M61: =K61&I61 -> SHEL132F2 | N61: =VLOOKUP(H61,'TNB Load'!$A$2:$F$1448,6,FALSE) -> NS | O61: =VLOOKUP(M61,$W$3:$X$1300,2,FALSE) -> 19.1541 | R61: 61135 | S61: KSSM132 132.00 | T61: T4 | U61: =LEFT(S61,7) -> KSSM132 | W61: =U61&T61 -> KSSM132T4 | X61: 12.5658 | Z61: KSSM132 132.00 | AA61: T4 | AB61: KSSM132 | AD61: KSSM132T4 | AE61: 12.5658 | AF61: 61135 | AH61: SHEL132F2
A62: 132/33kV T1 & T2 | B62: 1T0 & 2T0 | C62: 111.1269 | E62: PGTC 33kV | H62: =VLOOKUP(AH62,$AD$3:$AF$1300,3,FALSE) -> 96141 | I62: F1 | J62: 49.1 | K62: SHEL132 | M62: =K62&I62 -> SHEL132F1 | N62: =VLOOKUP(H62,'TNB Load'!$A$2:$F$1448,6,FALSE) -> NS | O62: =VLOOKUP(M62,$W$3:$X$1300,2,FALSE) -> 18.1541 | R62: 561111 | S62: KSTR132R 132.00 | T62: T8 | U62: =LEFT(S62,7) -> KSTR132 | W62: =U62&T62 -> KSTR132T8 | X62: 26.6486 | Z62: KSTR132R 132.00 | AA62: T8 | AB62: KSTR132 | AD62: KSTR132T8 | AE62: 26.6486 | AF62: 561111 | AH62: SHEL132F1
A63: 132/22kV T1 & T2 | B63: 1T0 & 2T0 | C63: 37.2708 | E63: PGIE 22kV | H63: =VLOOKUP(AH63,$AD$3:$AF$1300,3,FALSE) -> 51072 | I63: T2 | J63: 49.1 | K63: HCOM132 | M63: =K63&I63 -> HCOM132T2 | N63: =VLOOKUP(H63,'TNB Load'!$A$2:$F$1448,6,FALSE) -> SELANGOR | O63: =VLOOKUP(M63,$W$3:$X$1300,2,FALSE) -> 34.0078 | R63: 161111 | S63: KSTR_T 132.00 | T63: T7 | U63: =LEFT(S63,7) -> KSTR_T | W63: =U63&T63 -> KSTR_T T7 | X63: 36.2766 | Z63: KSTR_T 132.00 | AA63: T7 | AB63: KSTR_T | AD63: KSTR_T T7 | AE63: 36.2766 | AF63: 161111 | AH63: HCOM132T2
A64: 132/22kV T3 | B64: 3T0 | C64: 15.0562 | E64: PGIE 22kV | H64: =VLOOKUP(AH64,$AD$3:$AF$1300,3,FALSE) -> 51072 | I64: T1 | J64: 49.1 | K64: HCOM132 | M64: =K64&I64 -> HCOM132T1 | N64: =VLOOKUP(H64,'TNB Load'!$A$2:$F$1448,6,FALSE) -> SELANGOR | O64: =VLOOKUP(M64,$W$3:$X$1300,2,FALSE) -> 38.7888 | R64: 61119 | S64: MGON132 132.00 | T64: T1 | U64: =LEFT(S64,7) -> MGON132 | W64: =U64&T64 -> MGON132T1 | X64: 8.2591 | Z64: MGON132 132.00 | AA64: T1 | AB64: MGON132 | AD64: MGON132T1 | AE64: 8.2591 | AF64: 61119 | AH64: HCOM132T1
A65: 132/33kV T1 & T2 | B65: 1T0 & 2T0 | C65: 83.0514 | E65: PCHJ 33kV | H65: =VLOOKUP(AH65,$AD$3:$AF$1300,3,FALSE) -> 51017 | I65: T5 | J65: 49.1 | K65: SHAE132 | M65: =K65&I65 -> SHAE132T5 | N65: =VLOOKUP(H65,'TNB Load'!$A$2:$F$1448,6,FALSE) -> SELANGOR | O65: =VLOOKUP(M65,$W$3:$X$1300,2,FALSE) -> 32.8543 | R65: 61119 | S65: MGON132 132.00 | T65: T2 | U65: =LEFT(S65,7) -> MGON132 | W65: =U65&T65 -> MGON132T2 | X65: 8.2529 | Z65: MGON132 132.00 | AA65: T2 | AB65: MGON132 | AD65: MGON132T2 | AE65: 8.2529 | AF65: 61119 | AH65: SHAE132T5
... A78: MTNH 1 & 2 | B78: 105 & 205 | C78: 49 | E78: TKMG, PPJG, MTNH | H78: =VLOOKUP(AH78,$AD$3:$AF$1300,3,FALSE) -> 61127 | I78: T3 | J78: 49.1 | K78: INTN132 | M78: =K78&I78 -> INTN132T3 | N78: =VLOOKUP(H78,'TNB Load'!$A$2:$F$1448,6,FALSE) -> KEDAH | O78: =VLOOKUP(M78,$W$3:$X$1300,2,FALSE) -> 25.3708 | R78: 61112 | S78: TKBU132 132.00 | T78: T2 | U78: =LEFT(S78,7) -> TKBU132 | W78: =U78&T78 -> TKBU132T2 | X78: 31.707 | Z78: TKBU132 132.00 | AA78: T2 | AB78: TKBU132 | AD78: TKBU132T2 | AE78: 31.707 | AF78: 61112 | AH78: INTN132T3
A79: TKMG 1 & 2 | B79: 105 & 205 | H79: =VLOOKUP(AH79,$AD$3:$AF$1300,3,FALSE) -> 61127 | I79: T2 | J79: 49.1 | K79: INTN132 | M79: =K79&I79 -> INTN132T2 | N79: =VLOOKUP(H79,'TNB Load'!$A$2:$F$1448,6,FALSE) -> KEDAH | O79: =VLOOKUP(M79,$W$3:$X$1300,2,FALSE) -> 15.0354 | R79: 62105 | S79: ATJN132 132.00 | T79: T1 | U79: =LEFT(S79,7) -> ATJN132 | W79: =U79&T79 -> ATJN132T1 | X79: 5.3577 | Z79: ATJN132 132.00 | AA79: T1 | AB79: ATJN132 | AD79: ATJN132T1 | AE79: 5.3577 | AF79: 62105 | AH79: INTN132T2
A80: TJID 1 & 2 | B80: 105 & 205 | C80: 140 | E80: TJID, TTJF, SSUN & STRA | H80: =VLOOKUP(AH80,$AD$3:$AF$1300,3,FALSE) -> 61127 | I80: T1 | J80: 49.1 | K80: INTN132 | M80: =K80&I80 -> INTN132T1 | N80: =VLOOKUP(H80,'TNB Load'!$A$2:$F$1448,6,FALSE) -> KEDAH | O80: =VLOOKUP(M80,$W$3:$X$1300,2,FALSE) -> 16.5214 | R80: 62105 | S80: ATJN132 132.00 | T80: T2 | U80: =LEFT(S80,7) -> ATJN132 | W80: =U80&T80 -> ATJN132T2 | X80: 9.6001 | Z80: ATJN132 132.00 | AA80: T2 | AB80: ATJN132 | AD80: ATJN132T2 | AE80: 9.6001 | AF80: 62105 | AH80: INTN132T1
A81: Satria & TTJF | B81: 505 & 605 | H81: =VLOOKUP(AH81,$AD$3:$AF$1300,3,FALSE) -> 96177 | I81: T2 | J81: 49.1 | K81: MPSS132 | M81: =K81&I81 -> MPSS132T2 | N81: =VLOOKUP(H81,'TNB Load'!$A$2:$F$1448,6,FALSE) -> MELAKA | O81: =VLOOKUP(M81,$W$3:$X$1300,2,FALSE) -> 6.0121 | R81: 62105 | S81: ATJN132 132.00 | T81: T3 | U81: =LEFT(S81,7) -> ATJN132 | W81: =U81&T81 -> ATJN132T3 | X81: 22.4579 | Z81: ATJN132 132.00 | AA81: T3 | AB81: ATJN132 | AD81: ATJN132T3 | AE81: 22.4579 | AF81: 62105 | AH81: MPSS132T2
A82: BNTG & RBDR | B82: 205 & 405 | C82: 133 | E82: BNTA, KLIP, JNKA, JTUT, RBDR | H82: =VLOOKUP(AH82,$AD$3:$AF$1300,3,FALSE) -> 96177 | I82: T1 | J82: 49.1 | K82: MPSS132 | M82: =K82&I82 -> MPSS132T1 | N82: =VLOOKUP(H82,'TNB Load'!$A$2:$F$1448,6,FALSE) -> MELAKA | O82: =VLOOKUP(M82,$W$3:$X$1300,2,FALSE) -> 2.9429 | R82: 62105 | S82: ATJN132 132.00 | T82: T4 | U82: =LEFT(S82,7) -> ATJN132 | W82: =U82&T82 -> ATJN132T4 | X82: 23.0864 | Z82: ATJN132 132.00 | AA82: T4 | AB82: ATJN132 | AD82: ATJN132T4 | AE82: 23.0864 | AF82: 62105 | AH82: MPSS132T1
A83: JNKA & JTUT | B83: 205 & 705 | H83: =VLOOKUP(AH83,$AD$3:$AF$1300,3,FALSE) -> 75127 | I83: T2 | J83: 49 | K83: TJUG132 | M83: =K83&I83 -> TJUG132T2 | N83: =VLOOKUP(H83,'TNB Load'!$A$2:$F$1448,6,FALSE) -> KELANTAN | O83: =VLOOKUP(M83,$W$3:$X$1300,2,FALSE) -> 30.4043 | R83: 62131 | S83: BBRU132 132.00 | T83: T1 | U83: =LEFT(S83,7) -> BBRU132 | W83: =U83&T83 -> BBRU132T1 | X83: 48.453 | Z83: BBRU132 132.00 | AA83: T1 | AB83: BBRU132 | AD83: BBRU132T1 | AE83: 48.453 | AF83: 62131 | AH83: TJUG132T2
A84: 132/33kV T3 & T4 | B84: 3T0 & 4T0 | C84: 56.7503 | E84: ATJN 33 kV | H84: =VLOOKUP(AH84,$AD$3:$AF$1300,3,FALSE) -> 75127 | I84: T1 | J84: 49 | K84: TJUG132 | M84: =K84&I84 -> TJUG132T1 | N84: =VLOOKUP(H84,'TNB Load'!$A$2:$F$1448,6,FALSE) -> KELANTAN | O84: =VLOOKUP(M84,$W$3:$X$1300,2,FALSE) -> 26.6216 | R84: 62131 | S84: BBRU132 132.00 | T84: T2 | U84: =LEFT(S84,7) -> BBRU132 | W84: =U84&T84 -> BBRU132T2 | X84: 48.1662 | Z84: BBRU132 132.00 | AA84: T2 | AB84: BBRU132 | AD84: BBRU132T2 | AE84: 48.1662 | AF84: 62131 | AH84: TJUG132T1
A85: 132/11kV T1 & T2 | B85: 31 & 32 | C85: 9.3912 | E85: GRUN 11kV | H85: =VLOOKUP(AH85,$AD$3:$AF$1300,3,FALSE) -> 97147 | I85: T3 | J85: 49 | K85: MUAR132 | M85: =K85&I85 -> MUAR132T3 | N85: =VLOOKUP(H85,'TNB Load'!$A$2:$F$1448,6,FALSE) -> JOHOR | O85: =VLOOKUP(M85,$W$3:$X$1300,2,FALSE) -> 12.6041 | R85: 62131 | S85: BBRU132 132.00 | T85: T3 | U85: =LEFT(S85,7) -> BBRU132 | W85: =U85&T85 -> BBRU132T3 | X85: 5.367 | Z85: BBRU132 132.00 | AA85: T3 | AB85: BBRU132 | AD85: BBRU132T3 | AE85: 5.367 | AF85: 62131 | AH85: MUAR132T3
A86: 132/33kV T1 & T2 | B86: 1T0 & 2T0 | C86: 22.7999 | E86: JENG 33kV | H86: =VLOOKUP(AH86,$AD$3:$AF$1300,3,FALSE) -> 97147 | I86: T2 | J86: 49 | K86: MUAR132 | M86: =K86&I86 -> MUAR132T2 | N86: =VLOOKUP(H86,'TNB Load'!$A$2:$F$1448,6,FALSE) -> JOHOR | O86: =VLOOKUP(M86,$W$3:$X$1300,2,FALSE) -> 9.4168 | R86: 62131 | S86: BBRU132 132.00 | T86: T4 | U86: =LEFT(S86,7) -> BBRU132 | W86: =U86&T86 -> BBRU132T4 | X86: 11.4205 | Z86: BBRU132 132.00 | AA86: T4 | AB86: BBRU132 | AD86: BBRU132T4 | AE86: 11.4205 | AF86: 62131 | AH86: MUAR132T2
A87: 132/33kV T1 & T2 | B87: 1T0 & 2T0 | C87: 58.1226 | E87: LMUT 33kV | H87: =VLOOKUP(AH87,$AD$3:$AF$1300,3,FALSE) -> 51004 | I87: T2 | J87: 49 | K87: BRGS132 | M87: =K87&I87 -> BRGS132T2 | N87: =VLOOKUP(H87,'TNB Load'!$A$2:$F$1448,6,FALSE) -> SELANGOR | O87: =VLOOKUP(M87,$W$3:$X$1300,2,FALSE) -> 10.8178 | R87: 562131 | S87: BBRU132NEW 132.00 | T87: T2 | U87: =LEFT(S87,7) -> BBRU132 | W87: =U87&T87 -> BBRU132T2 | X87: 41.7733 | Z87: BBRU132NEW 132.00 | AA87: T2 | AB87: BBRU132 | AD87: BBRU132T2 | AE87: 41.7733 | AF87: 562131 | AH87: BRGS132T2
A88: 132/33kV T3 & T4 | B88: 3T0 & 4T0 | C88: 72.3964 | E88: LMTM 33kV | H88: =VLOOKUP(AH88,$AD$3:$AF$1300,3,FALSE) -> 51004 | I88: T1 | J88: 49 | K88: BRGS132 | M88: =K88&I88 -> BRGS132T1 | N88: =VLOOKUP(H88,'TNB Load'!$A$2:$F$1448,6,FALSE) -> SELANGOR | O88: =VLOOKUP(M88,$W$3:$X$1300,2,FALSE) -> 8.0603 | R88: 562131 | S88: BBRU132NEW 132.00 | T88: T4 | U88: =LEFT(S88,7) -> BBRU132 | W88: =U88&T88 -> BBRU132T4 | X88: 12.6684 | Z88: BBRU132NEW 132.00 | AA88: T4 | AB88: BBRU132 | AD88: BBRU132T4 | AE88: 12.6684 | AF88: 562131 | AH88: BRGS132T1
A89: 132/33kV T1 & T2 | B89: 1T0 & 2T0 | C89: 38.9019 | E89: MDAM 33kV | H89: =VLOOKUP(AH89,$AD$3:$AF$1300,3,FALSE) -> 51047 | I89: T2 | J89: 49 | K89: IGBK132 | M89: =K89&I89 -> IGBK132T2 | N89: =VLOOKUP(H89,'TNB Load'!$A$2:$F$1448,6,FALSE) -> SELANGOR | O89: =VLOOKUP(M89,$W$3:$X$1300,2,FALSE) -> 11.6069 | R89: 562131 | S89: BBRU132NEW 132.00 | T89: T8 | U89: =LEFT(S89,7) -> BBRU132 | W89: =U89&T89 -> BBRU132T8 | X89: 14.1979 | Z89: BBRU132NEW 132.00 | AA89: T8 | AB89: BBRU132 | AD89: BBRU132T8 | AE89: 14.1979 | AF89: 562131 | AH89: IGBK132T2
A90: 132/33kV T3 & T4 | B90: 3T0 & 4T0 | C90: 84.9599 | E90: BCVS 33kV | H90: =VLOOKUP(AH90,$AD$3:$AF$1300,3,FALSE) -> 51047 | I90: T1 | J90: 49 | K90: IGBK132 | M90: =K90&I90 -> IGBK132T1 | N90: =VLOOKUP(H90,'TNB Load'!$A$2:$F$1448,6,FALSE) -> SELANGOR | O90: =VLOOKUP(M90,$W$3:$X$1300,2,FALSE) -> 10.7733 | R90: 62120 | S90: BKWS132 132.00 | T90: T1 | U90: =LEFT(S90,7) -> BKWS132 | W90: =U90&T90 -> BKWS132T1 | X90: 55.8776 | Z90: BKWS132 132.00 | AA90: T1 | AB90: BKWS132 | AD90: BKWS132T1 | AE90: 55.8776 | AF90: 62120 | AH90: IGBK132T1
A91: 132/11kV T1 & T2 | B91: 31 & 32 | C91: 17.3238 | E91: PRJA 11kV | H91: =VLOOKUP(AH91,$AD$3:$AF$1300,3,FALSE) -> 51087 | I91: T4 | J91: 49 | K91: BBTG132 | M91: =K91&I91 -> BBTG132T4 | N91: =VLOOKUP(H91,'TNB Load'!$A$2:$F$1448,6,FALSE) -> SELANGOR | O91: =VLOOKUP(M91,$W$3:$X$1300,2,FALSE) -> 19.8681 | R91: 62120 | S91: BKWS132 132.00 | T91: T2 | U91: =LEFT(S91,7) -> BKWS132 | W91: =U91&T91 -> BKWS132T2 | X91: 54.3657 | Z91: BKWS132 132.00 | AA91: T2 | AB91: BKWS132 | AD91: BKWS132T2 | AE91: 54.3657 | AF91: 62120 | AH91: BBTG132T4
A92: CAAH & BSPT/BKPG | B92: 105 & 205 | C92: 298 | E92: LKJG, XNSS, XNYI, TKID, TKAK, JMTH, SGMT, BSPT, BKPG, CAAH, BAHA, NSCI, GMAS, PBSR, KLPH, SPTG, KKWG | H92: =VLOOKUP(AH92,$AD$3:$AF$1300,3,FALSE) -> 51087 | I92: T3 | J92: 49 | K92: BBTG132 | M92: =K92&I92 -> BBTG132T3 | N92: =VLOOKUP(H92,'TNB Load'!$A$2:$F$1448,6,FALSE) -> SELANGOR | O92: =VLOOKUP(M92,$W$3:$X$1300,2,FALSE) -> 20.0307 | R92: 62120 | S92: BKWS132 132.00 | T92: T5 | U92: =LEFT(S92,7) -> BKWS132 | W92: =U92&T92 -> BKWS132T5 | X92: 1.0262 | Z92: BKWS132 132.00 | AA92: T5 | AB92: BKWS132 | AD92: BKWS132T5 | AE92: 1.0262 | AF92: 62120 | AH92: BBTG132T3
A93: KPLH 1 & 2 | B93: 705 & 805 | H93: =VLOOKUP(AH93,$AD$3:$AF$1300,3,FALSE) -> 74128 | I93: T4 | J93: 49 | K93: BIMK132 | M93: =K93&I93 -> BIMK132T4 | N93: =VLOOKUP(H93,'TNB Load'!$A$2:$F$1448,6,FALSE) -> PAHANG | O93: =VLOOKUP(M93,$W$3:$X$1300,2,FALSE) -> 37.6424 | R93: 61117 | S93: BLIN132 132.00 | T93: T1 | U93: =LEFT(S93,7) -> BLIN132 | W93: =U93&T93 -> BLIN132T1 | X93: 15.6174 | Z93: BLIN132 132.00 | AA93: T1 | AB93: BLIN132 | AD93: BLIN132T1 | AE93: 15.6174 | AF93: 61117 | AH93: BIMK132T4
A94: JSIN & MCOP | B94: 505 & 605 | H94: =VLOOKUP(AH94,$AD$3:$AF$1300,3,FALSE) -> 74128 | I94: T3 | J94: 49 | K94: BIMK132 | M94: =K94&I94 -> BIMK132T3 | N94: =VLOOKUP(H94,'TNB Load'!$A$2:$F$1448,6,FALSE) -> PAHANG | O94: =VLOOKUP(M94,$W$3:$X$1300,2,FALSE) -> 37.4146 | R94: 61117 | S94: BLIN132 132.00 | T94: T2 | U94: =LEFT(S94,7) -> BLIN132 | W94: =U94&T94 -> BLIN132T2 | X94: 14.2102 | Z94: BLIN132 132.00 | AA94: T2 | AB94: BLIN132 | AD94: BLIN132T2 | AE94: 14.2102 | AF94: 61117 | AH94: BIMK132T3
A95: 132/11kV T1 & T2 | B95: 31 & 32 | C95: 18 | E95: UPSR 11kV | H95: =VLOOKUP(AH95,$AD$3:$AF$1300,3,FALSE) -> 74128 | I95: T2 | J95: 49 | K95: BIMK132 | M95: =K95&I95 -> BIMK132T2 | N95: =VLOOKUP(H95,'TNB Load'!$A$2:$F$1448,6,FALSE) -> PAHANG | O95: =VLOOKUP(M95,$W$3:$X$1300,2,FALSE) -> 11.2828 | R95: 62102 | S95: BLPS132L 132.00 | T95: T3 | U95: =LEFT(S95,7) -> BLPS132 | W95: =U95&T95 -> BLPS132T3 | X95: 43.2683 | Z95: BLPS132L 132.00 | AA95: T3 | AB95: BLPS132 | AD95: BLPS132T3 | AE95: 43.2683 | AF95: 62102 | AH95: BIMK132T2
A96: 132/33kV T3 & T4 | B96: 3T0 & 4T0 | C96: 60 | E96: UPSR 33kV | H96: =VLOOKUP(AH96,$AD$3:$AF$1300,3,FALSE) -> 74128 | I96: T1 | J96: 49 | K96: BIMK132 | M96: =K96&I96 -> BIMK132T1 | N96: =VLOOKUP(H96,'TNB Load'!$A$2:$F$1448,6,FALSE) -> PAHANG | O96: =VLOOKUP(M96,$W$3:$X$1300,2,FALSE) -> 10.0526 | R96: 62102 | S96: BLPS132L 132.00 | T96: T4 | U96: =LEFT(S96,7) -> BLPS132 | W96: =U96&T96 -> BLPS132T4 | X96: 46.5798 | Z96: BLPS132L 132.00 | AA96: T4 | AB96: BLPS132 | AD96: BLPS132T4 | AE96: 46.5798 | AF96: 62102 | AH96: BIMK132T1
A97: 132/11kV T1 & T2 | B97: 31 & 32 | C97: 30 | E97: MCOP 11kV | H97: =VLOOKUP(AH97,$AD$3:$AF$1300,3,FALSE) -> 74118 | I97: T2 | J97: 49 | K97: BNTG132 | M97: =K97&I97 -> BNTG132T2 | N97: =VLOOKUP(H97,'TNB Load'!$A$2:$F$1448,6,FALSE) -> PAHANG | O97: =VLOOKUP(M97,$W$3:$X$1300,2,FALSE) -> 11.3387 | R97: 62104 | S97: BLPS132R 132.00 | T97: T1 | U97: =LEFT(S97,7) -> BLPS132 | W97: =U97&T97 -> BLPS132T1 | X97: 36.0571 | Z97: BLPS132R 132.00 | AA97: T1 | AB97: BLPS132 | AD97: BLPS132T1 | AE97: 36.0571 | AF97: 62104 | AH97: BNTG132T2
A98: 132/33kV T3 & T4 | B98: 3T0 & 4T0 | C98: 61 | E98: MCOP 33kV | H98: =VLOOKUP(AH98,$AD$3:$AF$1300,3,FALSE) -> 74118 | I98: T1 | J98: 49 | K98: BNTG132 | M98: =K98&I98 -> BNTG132T1 | N98: =VLOOKUP(H98,'TNB Load'!$A$2:$F$1448,6,FALSE) -> PAHANG | O98: =VLOOKUP(M98,$W$3:$X$1300,2,FALSE) -> 8.081 | R98: 62104 | S98: BLPS132R 132.00 | T98: T2 | U98: =LEFT(S98,7) -> BLPS132 | W98: =U98&T98 -> BLPS132T2 | X98: 35.3115 | Z98: BLPS132R 132.00 | AA98: T2 | AB98: BLPS132 | AD98: BLPS132T2 | AE98: 35.3115 | AF98: 62104 | AH98: BNTG132T1
A99: 132/11kV T1 & T2 | B99: 31 & 32 | C99: 22.8675 | E99: NLAI 11kV | H99: =VLOOKUP(AH99,$AD$3:$AF$1300,3,FALSE) -> 62133 | I99: T2 | J99: 49 | K99: BWTN132 | M99: =K99&I99 -> BWTN132T2 | N99: =VLOOKUP(H99,'TNB Load'!$A$2:$F$1448,6,FALSE) -> P PINANG | O99: =VLOOKUP(M99,$W$3:$X$1300,2,FALSE) -> 39.9982 | R99: 62106 | S99: BMJM132 132.00 | T99: T1 | U99: =LEFT(S99,7) -> BMJM132 | W99: =U99&T99 -> BMJM132T1 | X99: 9.5618 | Z99: BMJM132 132.00 | AA99: T1 | AB99: BMJM132 | AD99: BMJM132T1 | AE99: 9.5618 | AF99: 62106 | AH99: BWTN132T2
A100: 132/33kV T1 & T2 & T3 | B100: 1T0 & 2T0 & 3T0 | C100: 71.3972 | E100: BTGA 33kV | H100: =VLOOKUP(AH100,$AD$3:$AF$1300,3,FALSE) -> 62133 | I100: T1 | J100: 49 | K100: BWTN132 | M100: =K100&I100 -> BWTN132T1 | N100: =VLOOKUP(H100,'TNB Load'!$A$2:$F$1448,6,FALSE) -> P PINANG | O100: =VLOOKUP(M100,$W$3:$X$1300,2,FALSE) -> 38.7007 | R100: 62106 | S100: BMJM132 132.00 | T100: T2 | U100: =LEFT(S100,7) -> BMJM132 | W100: =U100&T100 -> BMJM132T2 | X100: 12.9313 | Z100: BMJM132 132.00 | AA100: T2 | AB100: BMJM132 | AD100: BMJM132T2 | AE100: 12.9313 | AF100: 62106 | AH100: BWTN132T1
A101: 132/33kV T1 & T2 | B101: 1T0 & 2T0 | C101: 66.6988 | E101: BBDG 33kV | H101: =VLOOKUP(AH101,$AD$3:$AF$1300,3,FALSE) -> 62133 | I101: T5 | J101: 49 | K101: BWTN132 | M101: =K101&I101 -> BWTN132T5 | N101: =VLOOKUP(H101,'TNB Load'!$A$2:$F$1448,6,FALSE) -> P PINANG | O101: =VLOOKUP(M101,$W$3:$X$1300,2,FALSE) -> 0 | R101: 62106 | S101: BMJM132 132.00 | T101: T3 | U101: =LEFT(S101,7) -> BMJM132 | W101: =U101&T101 -> BMJM132T3 | X101: 21.293 | Z101: BMJM132 132.00 | AA101: T3 | AB101: BMJM132 | AD101: BMJM132T3 | AE101: 21.293 | AF101: 62106 | AH101: BWTN132T5
A102: 132/11kV T1 & T2 | B102: 31 & 32 | C102: 31.7609 | E102: RSID 11kV | H102: =VLOOKUP(AH102,$AD$3:$AF$1300,3,FALSE) -> 562137 | I102: T4 | J102: 49 | K102: PRGS132 | M102: =K102&I102 -> PRGS132T4 | N102: =VLOOKUP(H102,'TNB Load'!$A$2:$F$1448,6,FALSE) -> P PINANG | O102: =VLOOKUP(M102,$W$3:$X$1300,2,FALSE) -> 21.0061 | R102: 62106 | S102: BMJM132 132.00 | T102: T4 | U102: =LEFT(S102,7) -> BMJM132 | W102: =U102&T102 -> BMJM132T4 | X102: 21.2712 | Z102: BMJM132 132.00 | AA102: T4 | AB102: BMJM132 | AD102: BMJM132T4 | AE102: 21.2712 | AF102: 62106 | AH102: PRGS132T4
A103: 132/11kV T1 & T2 | B103: 31 & 32 | C103: 21.3927 | E103: GRSK 11kV | H103: =VLOOKUP(AH103,$AD$3:$AF$1300,3,FALSE) -> 562137 | I103: T3 | J103: 49 | K103: PRGS132 | M103: =K103&I103 -> PRGS132T3 | N103: =VLOOKUP(H103,'TNB Load'!$A$2:$F$1448,6,FALSE) -> P PINANG | O103: =VLOOKUP(M103,$W$3:$X$1300,2,FALSE) -> 21.0455 | R103: 62110 | S103: BMTR132 132.00 | T103: T1 | U103: =LEFT(S103,7) -> BMTR132 | W103: =U103&T103 -> BMTR132T1 | X103: 62.7419 | Z103: BMTR132 132.00 | AA103: T1 | AB103: BMTR132 | AD103: BMTR132T1 | AE103: 62.7419 | AF103: 62110 | AH103: PRGS132T3
A104: 132/22kV T1 & T2 | B104: 1T0 & 2T0 | C104: 35.0813 | E104: KPTR 22kV | H104: =VLOOKUP(AH104,$AD$3:$AF$1300,3,FALSE) -> 51130 | I104: T2 | J104: 49 | K104: SRDR132 | M104: =K104&I104 -> SRDR132T2 | N104: =VLOOKUP(H104,'TNB Load'!$A$2:$F$1448,6,FALSE) -> WPKL | O104: =VLOOKUP(M104,$W$3:$X$1300,2,FALSE) -> 27.9781 | R104: 62110 | S104: BMTR132 132.00 | T104: T2 | U104: =LEFT(S104,7) -> BMTR132 | W104: =U104&T104 -> BMTR132T2 | X104: 57.494 | Z104: BMTR132 132.00 | AA104: T2 | AB104: BMTR132 | AD104: BMTR132T2 | AE104: 57.494 | AF104: 62110 | AH104: SRDR132T2
A105: 132/22kV T7 & T8 | B105: 37 & 38 | C105: 1.4469 | E105: SDAI 22kV | H105: =VLOOKUP(AH105,$AD$3:$AF$1300,3,FALSE) -> 51130 | I105: T1 | J105: 49 | K105: SRDR132 | M105: =K105&I105 -> SRDR132T1 | N105: =VLOOKUP(H105,'TNB Load'!$A$2:$F$1448,6,FALSE) -> WPKL | O105: =VLOOKUP(M105,$W$3:$X$1300,2,FALSE) -> 27.8539 | R105: 62108 | S105: BMYK132 132.00 | T105: T1 | U105: =LEFT(S105,7) -> BMYK132 | W105: =U105&T105 -> BMYK132T1 | X105: 11.9517 | Z105: BMYK132 132.00 | AA105: T1 | AB105: BMYK132 | AD105: BMYK132T1 | AE105: 11.9517 | AF105: 62108 | AH105: SRDR132T1
A106: 132/22kV T1 & T2 | B106: 1T0 & 2T0 | C106: 33.3325 | E106: LKIN 22kV | H106: =VLOOKUP(AH106,$AD$3:$AF$1300,3,FALSE) -> 88120 | I106: T4 | J106: 49 | K106: AMPG132 | M106: =K106&I106 -> AMPG132T4 | N106: =VLOOKUP(H106,'TNB Load'!$A$2:$F$1448,6,FALSE) -> WPKL | O106: =VLOOKUP(M106,$W$3:$X$1300,2,FALSE) -> 42.4761 | R106: 62108 | S106: BMYK132 132.00 | T106: T2 | U106: =LEFT(S106,7) -> BMYK132 | W106: =U106&T106 -> BMYK132T2 | X106: 14.6306 | Z106: BMYK132 132.00 | AA106: T2 | AB106: BMYK132 | AD106: BMYK132T2 | AE106: 14.6306 | AF106: 62108 | AH106: AMPG132T4
A107: SONG | B107: 605 | C107: 90 | E107: SONG, MTKB, TMID, MNID | H107: =VLOOKUP(AH107,$AD$3:$AF$1300,3,FALSE) -> 88120 | I107: T3 | J107: 49 | K107: AMPG132 | M107: =K107&I107 -> AMPG132T3 | N107: =VLOOKUP(H107,'TNB Load'!$A$2:$F$1448,6,FALSE) -> WPKL | O107: =VLOOKUP(M107,$W$3:$X$1300,2,FALSE) -> 42.5704 | R107: 62108 | S107: BMYK132 132.00 | T107: T3 | U107: =LEFT(S107,7) -> BMYK132 | W107: =U107&T107 -> BMYK132T3 | X107: 49.2069 | Z107: BMYK132 132.00 | AA107: T3 | AB107: BMYK132 | AD107: BMYK132T3 | AE107: 49.2069 | AF107: 62108 | AH107: AMPG132T3
A108: TMID | B108: 205 | H108: =VLOOKUP(AH108,$AD$3:$AF$1300,3,FALSE) -> 51028 | I108: T2 | J108: 49 | K108: AHTM132 | M108: =K108&I108 -> AHTM132T2 | N108: =VLOOKUP(H108,'TNB Load'!$A$2:$F$1448,6,FALSE) -> SELANGOR | O108: =VLOOKUP(M108,$W$3:$X$1300,2,FALSE) -> 44.3266 | R108: 62108 | S108: BMYK132 132.00 | T108: T4 | U108: =LEFT(S108,7) -> BMYK132 | W108: =U108&T108 -> BMYK132T4 | X108: 48.2977 | Z108: BMYK132 132.00 | AA108: T4 | AB108: BMYK132 | AD108: BMYK132T4 | AE108: 48.2977 | AF108: 62108 | AH108: AHTM132T2
A109: 132/33kV T1 & T2 & T3 | B109: 1T0 & 2T0 & 3T0 | C109: 61.1334 | E109: GLGR 33kV | H109: =VLOOKUP(AH109,$AD$3:$AF$1300,3,FALSE) -> 51028 | I109: T1 | J109: 49 | K109: AHTM132 | M109: =K109&I109 -> AHTM132T1 | N109: =VLOOKUP(H109,'TNB Load'!$A$2:$F$1448,6,FALSE) -> SELANGOR | O109: =VLOOKUP(M109,$W$3:$X$1300,2,FALSE) -> 43.4909 | R109: 62101 | S109: BTBN132 132.00 | T109: T1 | U109: =LEFT(S109,7) -> BTBN132 | W109: =U109&T109 -> BTBN132T1 | X109: 40.3296 | Z109: BTBN132 132.00 | AA109: T1 | AB109: BTBN132 | AD109: BTBN132T1 | AE109: 40.3296 | AF109: 62101 | AH109: AHTM132T1
A110: 132/33kV T1 & T2 | B110: 1T0 & 2T0 | C110: 105.8642 | E110: BMTR 33kV | H110: =VLOOKUP(AH110,$AD$3:$AF$1300,3,FALSE) -> 88177 | I110: T2 | J110: 49 | K110: BJLL132 | M110: =K110&I110 -> BJLL132T2 | N110: =VLOOKUP(H110,'TNB Load'!$A$2:$F$1448,6,FALSE) -> SELANGOR | O110: =VLOOKUP(M110,$W$3:$X$1300,2,FALSE) -> 39.4804 | R110: 62101 | S110: BTBN132 132.00 | T110: T2 | U110: =LEFT(S110,7) -> BTBN132 | W110: =U110&T110 -> BTBN132T2 | X110: 40.7624 | Z110: BTBN132 132.00 | AA110: T2 | AB110: BTBN132 | AD110: BTBN132T2 | AE110: 40.7624 | AF110: 62101 | AH110: BJLL132T2
A111: 132/33kV T1 & T2 | B111: 1T0 & 2T0 | C111: 52.4377 | E111: BTWS 33kV | H111: =VLOOKUP(AH111,$AD$3:$AF$1300,3,FALSE) -> 88177 | I111: T1 | J111: 49 | K111: BJLL132 | M111: =K111&I111 -> BJLL132T1 | N111: =VLOOKUP(H111,'TNB Load'!$A$2:$F$1448,6,FALSE) -> SELANGOR | O111: =VLOOKUP(M111,$W$3:$X$1300,2,FALSE) -> 39.4245 | R111: 462114 | S111: BTGH132NEW 132.00 | T111: T1 | U111: =LEFT(S111,7) -> BTGH132 | W111: =U111&T111 -> BTGH132T1 | X111: 49.9835 | Z111: BTGH132NEW 132.00 | AA111: T1 | AB111: BTGH132 | AD111: BTGH132T1 | AE111: 49.9835 | AF111: 462114 | AH111: BJLL132T1
A112: 132/33kV T3 & T4 | B112: 3T0 & 4T0 | C112: 14.2995 | E112: KGAR 33kV | H112: =VLOOKUP(AH112,$AD$3:$AF$1300,3,FALSE) -> 51062 | I112: T4 | J112: 49 | K112: BLKG132 | M112: =K112&I112 -> BLKG132T4 | N112: =VLOOKUP(H112,'TNB Load'!$A$2:$F$1448,6,FALSE) -> SELANGOR | O112: =VLOOKUP(M112,$W$3:$X$1300,2,FALSE) -> 41.9139 | R112: 462114 | S112: BTGH132NEW 132.00 | T112: T2 | U112: =LEFT(S112,7) -> BTGH132 | W112: =U112&T112 -> BTGH132T2 | X112: 47.0033 | Z112: BTGH132NEW 132.00 | AA112: T2 | AB112: BTGH132 | AD112: BTGH132T2 | AE112: 47.0033 | AF112: 462114 | AH112: BLKG132T4
A113: 132/33kV T3 & T4 | B113: 3T0 & 4T0 | C113: 69.0504 | E113: SHAW 33kV | H113: =VLOOKUP(AH113,$AD$3:$AF$1300,3,FALSE) -> 51062 | I113: T3 | J113: 49 | K113: BLKG132 | M113: =K113&I113 -> BLKG132T3 | N113: =VLOOKUP(H113,'TNB Load'!$A$2:$F$1448,6,FALSE) -> SELANGOR | O113: =VLOOKUP(M113,$W$3:$X$1300,2,FALSE) -> 42.6936 | R113: 62133 | S113: BWTN132 132.00 | T113: T1 | U113: =LEFT(S113,7) -> BWTN132 | W113: =U113&T113 -> BWTN132T1 | X113: 38.7007 | Z113: BWTN132 132.00 | AA113: T1 | AB113: BWTN132 | AD113: BWTN132T1 | AE113: 38.7007 | AF113: 62133 | AH113: BLKG132T3
A114: 132/11kV T1 & T2 | B114: 31 & 32 | C114: 15.0282 | E114: SHAW 11kV | H114: =VLOOKUP(AH114,$AD$3:$AF$1300,3,FALSE) -> 75112 | I114: T5 | J114: 48.9 | K114: KBRU132 | M114: =K114&I114 -> KBRU132T5 | N114: =VLOOKUP(H114,'TNB Load'!$A$2:$F$1448,6,FALSE) -> KELANTAN | O114: =VLOOKUP(M114,$W$3:$X$1300,2,FALSE) -> 24.9814 | R114: 62133 | S114: BWTN132 132.00 | T114: T2 | U114: =LEFT(S114,7) -> BWTN132 | W114: =U114&T114 -> BWTN132T2 | X114: 39.9982 | Z114: BWTN132 132.00 | AA114: T2 | AB114: BWTN132 | AD114: BWTN132T2 | AE114: 39.9982 | AF114: 62133 | AH114: KBRU132T5
A115: 132/33kV T3 & T4 | B115: 3T0 & 4T0 | C115: 98.751 | E115: TPGR 33kV | H115: =VLOOKUP(AH115,$AD$3:$AF$1300,3,FALSE) -> 75112 | I115: T3 | J115: 48.9 | K115: KBRU132 | M115: =K115&I115 -> KBRU132T3 | N115: =VLOOKUP(H115,'TNB Load'!$A$2:$F$1448,6,FALSE) -> KELANTAN | O115: =VLOOKUP(M115,$W$3:$X$1300,2,FALSE) -> 24.9265 | R115: 62133 | S115: BWTN132 132.00 | T115: T5 | U115: =LEFT(S115,7) -> BWTN132 | W115: =U115&T115 -> BWTN132T5 | X115: 0 | Z115: BWTN132 132.00 | AA115: T5 | AB115: BWTN132 | AD115: BWTN132T5 | AE115: 0 | AF115: 62133 | AH115: KBRU132T3
A116: 132/11kV T1, T2 & T3 | B116: 31, 32 & 33 | C116: 4.0549 | E116: SHAN 11kV | H116: =VLOOKUP(AH116,$AD$3:$AF$1300,3,FALSE) -> 75112 | I116: T1 | J116: 48.9 | K116: KBRU132 | M116: =K116&I116 -> KBRU132T1 | N116: =VLOOKUP(H116,'TNB Load'!$A$2:$F$1448,6,FALSE) -> KELANTAN | O116: =VLOOKUP(M116,$W$3:$X$1300,2,FALSE) -> 25.5758 | R116: 62109 | S116: DKMT132 132.00 | T116: T1 | U116: =LEFT(S116,7) -> DKMT132 | W116: =U116&T116 -> DKMT132T1 | X116: 8.9374 | Z116: DKMT132 132.00 | AA116: T1 | AB116: DKMT132 | AD116: DKMT132T1 | AE116: 8.9374 | AF116: 62109 | AH116: KBRU132T1
A117: 132/33kV T1 & T2 | B117: 1T0 & 2T0 | C117: 77.1695 | E117: SHLB 33kV | H117: =VLOOKUP(AH117,$AD$3:$AF$1300,3,FALSE) -> 51082 | I117: T2 | J117: 48.9 | K117: PJST132 | M117: =K117&I117 -> PJST132T2 | N117: =VLOOKUP(H117,'TNB Load'!$A$2:$F$1448,6,FALSE) -> SELANGOR | O117: =VLOOKUP(M117,$W$3:$X$1300,2,FALSE) -> 26.5481 | R117: 62109 | S117: DKMT132 132.00 | T117: T2 | U117: =LEFT(S117,7) -> DKMT132 | W117: =U117&T117 -> DKMT132T2 | X117: 8.9964 | Z117: DKMT132 132.00 | AA117: T2 | AB117: DKMT132 | AD117: DKMT132T2 | AE117: 8.9964 | AF117: 62109 | AH117: PJST132T2
A118: 132/33kV T1 & T2 | B118: 1T0 & 2T0 | C118: 81.8867 | E118: BBTC 33kV | H118: =VLOOKUP(AH118,$AD$3:$AF$1300,3,FALSE) -> 51082 | I118: T1 | J118: 48.9 | K118: PJST132 | M118: =K118&I118 -> PJST132T1 | N118: =VLOOKUP(H118,'TNB Load'!$A$2:$F$1448,6,FALSE) -> SELANGOR | O118: =VLOOKUP(M118,$W$3:$X$1300,2,FALSE) -> 26.5398 | R118: 61163 | S118: EVEM132 132.00 | T118: T1 | U118: =LEFT(S118,7) -> EVEM132 | W118: =U118&T118 -> EVEM132T1 | X118: 1.1542 | Z118: EVEM132 132.00 | AA118: T1 | AB118: EVEM132 | AD118: EVEM132T1 | AE118: 1.1542 | AF118: 61163 | AH118: PJST132T1
A119: 132/33kV T1 & T2 | B119: 1T0 & 2T0 | C119: 45.0985 | E119: BDNG 33kV | H119: =VLOOKUP(AH119,$AD$3:$AF$1300,3,FALSE) -> 97167 | I119: T2 | J119: 48.9 | K119: PGTC132 | M119: =K119&I119 -> PGTC132T2 | N119: =VLOOKUP(H119,'TNB Load'!$A$2:$F$1448,6,FALSE) -> JOHOR | O119: =VLOOKUP(M119,$W$3:$X$1300,2,FALSE) -> 47.6754 | R119: 61163 | S119: EVEM132 132.00 | T119: T2 | U119: =LEFT(S119,7) -> EVEM132 | W119: =U119&T119 -> EVEM132T2 | X119: 3.5837 | Z119: EVEM132 132.00 | AA119: T2 | AB119: EVEM132 | AD119: EVEM132T2 | AE119: 3.5837 | AF119: 61163 | AH119: PGTC132T2
A120: 132/33kV T1 & T2 | B120: 1T0 & 2T0 | C120: 71.6655 | E120: KULN 33kV | H120: =VLOOKUP(AH120,$AD$3:$AF$1300,3,FALSE) -> 97167 | I120: T1 | J120: 48.9 | K120: PGTC132 | M120: =K120&I120 -> PGTC132T1 | N120: =VLOOKUP(H120,'TNB Load'!$A$2:$F$1448,6,FALSE) -> JOHOR | O120: =VLOOKUP(M120,$W$3:$X$1300,2,FALSE) -> 47.8349 | R120: 62103 | S120: FLIM132 132.00 | T120: T1 | U120: =LEFT(S120,7) -> FLIM132 | W120: =U120&T120 -> FLIM132T1 | X120: 11.464 | Z120: FLIM132 132.00 | AA120: T1 | AB120: FLIM132 | AD120: FLIM132T1 | AE120: 11.464 | AF120: 62103 | AH120: PGTC132T1
... A130: 132/33kV T1 & T2 | B130: 1T0 & 2T0 | C130: 70.4984 | E130: PRID 33kV | H130: =VLOOKUP(AH130,$AD$3:$AF$1300,3,FALSE) -> 51091 | I130: T2 | J130: 48.9 | K130: NSPK132 | M130: =K130&I130 -> NSPK132T2 | N130: =VLOOKUP(H130,'TNB Load'!$A$2:$F$1448,6,FALSE) -> SELANGOR | O130: =VLOOKUP(M130,$W$3:$X$1300,2,FALSE) -> 25.7756 | R130: 62111 | S130: NTBL132 132.00 | T130: T2 | U130: =LEFT(S130,7) -> NTBL132 | W130: =U130&T130 -> NTBL132T2 | X130: 14.8252 | Z130: NTBL132 132.00 | AA130: T2 | AB130: NTBL132 | AD130: NTBL132T2 | AE130: 14.8252 | AF130: 62111 | AH130: NSPK132T2
A131: 132/33kV T3 & T4 | B131: 3T0 & 4T0 | C131: 99.1207 | H131: =VLOOKUP(AH131,$AD$3:$AF$1300,3,FALSE) -> 51091 | I131: T1 | J131: 48.9 | K131: NSPK132 | M131: =K131&I131 -> NSPK132T1 | N131: =VLOOKUP(H131,'TNB Load'!$A$2:$F$1448,6,FALSE) -> SELANGOR | O131: =VLOOKUP(M131,$W$3:$X$1300,2,FALSE) -> 26.3079 | R131: 62137 | S131: PRGS132 132.00 | T131: T1 | U131: =LEFT(S131,7) -> PRGS132 | W131: =U131&T131 -> PRGS132T1 | X131: 12.5585 | Z131: PRGS132 132.00 | AA131: T1 | AB131: PRGS132 | AD131: PRGS132T1 | AE131: 12.5585 | AF131: 62137 | AH131: NSPK132T1
A132: 132/33kV T1, T2 & T3 | B132: 1T0, 2T0 & 3T0 | C132: 96.6747 | E132: PCHP 33kV | H132: =VLOOKUP(AH132,$AD$3:$AF$1300,3,FALSE) -> 51050 | I132: T2 | J132: 48.9 | K132: SRDN132 | M132: =K132&I132 -> SRDN132T2 | N132: =VLOOKUP(H132,'TNB Load'!$A$2:$F$1448,6,FALSE) -> WPKL | O132: =VLOOKUP(M132,$W$3:$X$1300,2,FALSE) -> 24.2006 | R132: 62137 | S132: PRGS132 132.00 | T132: T2 | U132: =LEFT(S132,7) -> PRGS132 | W132: =U132&T132 -> PRGS132T2 | X132: 7.584 | Z132: PRGS132 132.00 | AA132: T2 | AB132: PRGS132 | AD132: PRGS132T2 | AE132: 7.584 | AF132: 62137 | AH132: SRDN132T2
A133: 132/33kV T3 & T4 | B133: 3T0 & 4T0 | C133: 127.7547 | E133: CBPS 33kV | H133: =VLOOKUP(AH133,$AD$3:$AF$1300,3,FALSE) -> 51050 | I133: T1 | J133: 48.9 | K133: SRDN132 | M133: =K133&I133 -> SRDN132T1 | N133: =VLOOKUP(H133,'TNB Load'!$A$2:$F$1448,6,FALSE) -> WPKL | O133: =VLOOKUP(M133,$W$3:$X$1300,2,FALSE) -> 24.2483 | R133: 562137 | S133: PRGS132R 132.00 | T133: T3 | U133: =LEFT(S133,7) -> PRGS132 | W133: =U133&T133 -> PRGS132T3 | X133: 21.0455 | Z133: PRGS132R 132.00 | AA133: T3 | AB133: PRGS132 | AD133: PRGS132T3 | AE133: 21.0455 | AF133: 562137 | AH133: SRDN132T1
A134: 132/33kV T1 & T2 | B134: 1T0 & 2T0 | C134: 90.9176 | E134: SHAB 33kV | H134: =VLOOKUP(AH134,$AD$3:$AF$1300,3,FALSE) -> 96150 | I134: T2 | J134: 48.9 | K134: SDYN132 | M134: =K134&I134 -> SDYN132T2 | N134: =VLOOKUP(H134,'TNB Load'!$A$2:$F$1448,6,FALSE) -> NS | O134: =VLOOKUP(M134,$W$3:$X$1300,2,FALSE) -> 45.0318 | R134: 562137 | S134: PRGS132R 132.00 | T134: T4 | U134: =LEFT(S134,7) -> PRGS132 | W134: =U134&T134 -> PRGS132T4 | X134: 21.0061 | Z134: PRGS132R 132.00 | AA134: T4 | AB134: PRGS132 | AD134: PRGS132T4 | AE134: 21.0061 | AF134: 562137 | AH134: SDYN132T2
A135: 132/33kV T1 & T2 | B135: 1T0 & 2T0 | C135: 81.4331 | E135: SGBT 33kV | H135: =VLOOKUP(AH135,$AD$3:$AF$1300,3,FALSE) -> 96150 | I135: T1 | J135: 48.9 | K135: SDYN132 | M135: =K135&I135 -> SDYN132T1 | N135: =VLOOKUP(H135,'TNB Load'!$A$2:$F$1448,6,FALSE) -> NS | O135: =VLOOKUP(M135,$W$3:$X$1300,2,FALSE) -> 44.7532 | R135: 62155 | S135: PRID132 132.00 | T135: T1 | U135: =LEFT(S135,7) -> PRID132 | W135: =U135&T135 -> PRID132T1 | X135: 23.6135 | Z135: PRID132 132.00 | AA135: T1 | AB135: PRID132 | AD135: PRID132T1 | AE135: 23.6135 | AF135: 62155 | AH135: SDYN132T1
A136: 275/33kV T1 & T2 | B136: 1T0 & 2T1 | C136: 16.6814 | E136: JELI 33kV | H136: =VLOOKUP(AH136,$AD$3:$AF$1300,3,FALSE) -> 96134 | I136: T2 | J136: 48.9 | K136: LKUT132 | M136: =K136&I136 -> LKUT132T2 | N136: =VLOOKUP(H136,'TNB Load'!$A$2:$F$1448,6,FALSE) -> NS | O136: =VLOOKUP(M136,$W$3:$X$1300,2,FALSE) -> 10 | R136: 62155 | S136: PRID132 132.00 | T136: T2 | U136: =LEFT(S136,7) -> PRID132 | W136: =U136&T136 -> PRID132T2 | X136: 23.4313 | Z136: PRID132 132.00 | AA136: T2 | AB136: PRID132 | AD136: PRID132T2 | AE136: 23.4313 | AF136: 62155 | AH136: LKUT132T2
A137: Pasir Putih 1 & 2 | B137: 305 & 405 | C137: 83 | E137: PPTH & SJTH | H137: =VLOOKUP(AH137,$AD$3:$AF$1300,3,FALSE) -> 96134 | I137: T1 | J137: 48.9 | K137: LKUT132 | M137: =K137&I137 -> LKUT132T1 | N137: =VLOOKUP(H137,'TNB Load'!$A$2:$F$1448,6,FALSE) -> NS | O137: =VLOOKUP(M137,$W$3:$X$1300,2,FALSE) -> 12.0335 | R137: 62155 | S137: PRID132 132.00 | T137: T3 | U137: =LEFT(S137,7) -> PRID132 | W137: =U137&T137 -> PRID132T3 | X137: 36.8203 | Z137: PRID132 132.00 | AA137: T3 | AB137: PRID132 | AD137: PRID132T3 | AE137: 36.8203 | AF137: 62155 | AH137: LKUT132T1
A138: Pasir Putih 1 & 2 | B138: 505 & 605 | H138: =VLOOKUP(AH138,$AD$3:$AF$1300,3,FALSE) -> 74106 | I138: T2 | J138: 48.9 | K138: TGLN132 | M138: =K138&I138 -> TGLN132T2 | N138: =VLOOKUP(H138,'TNB Load'!$A$2:$F$1448,6,FALSE) -> PAHANG | O138: =VLOOKUP(M138,$W$3:$X$1300,2,FALSE) -> 5.2148 | R138: 62155 | S138: PRID132 132.00 | T138: T4 | U138: =LEFT(S138,7) -> PRID132 | W138: =U138&T138 -> PRID132T4 | X138: 36.9093 | Z138: PRID132 132.00 | AA138: T4 | AB138: PRID132 | AD138: PRID132T4 | AE138: 36.9093 | AF138: 62155 | AH138: TGLN132T2
A139: CHNG & ZRNA | B139: 305 & 805 | C139: 268 | E139: ZRNA, SPWR, CHNG, BMKA, MMKA, BVTA, MFDR, TGBU, PPSR, HLNM, BRBI | H139: =VLOOKUP(AH139,$AD$3:$AF$1300,3,FALSE) -> 74106 | I139: T1 | J139: 48.9 | K139: TGLN132 | M139: =K139&I139 -> TGLN132T1 | N139: =VLOOKUP(H139,'TNB Load'!$A$2:$F$1448,6,FALSE) -> PAHANG | O139: =VLOOKUP(M139,$W$3:$X$1300,2,FALSE) -> 5.9562 | R139: 62128 | S139: SARA132 132.00 | T139: T1 | U139: =LEFT(S139,7) -> SARA132 | W139: =U139&T139 -> SARA132T1 | X139: 35.6077 | Z139: SARA132 132.00 | AA139: T1 | AB139: SARA132 | AD139: SARA132T1 | AE139: 35.6077 | AF139: 62128 | AH139: TGLN132T1
A140: BVTA 1 & 2 | B140: 705 & 805 | H140: =VLOOKUP(AH140,$AD$3:$AF$1300,3,FALSE) -> 74106 | I140: T3 | J140: 48.9 | K140: TGLN132 | M140: =K140&I140 -> TGLN132T3 | N140: =VLOOKUP(H140,'TNB Load'!$A$2:$F$1448,6,FALSE) -> PAHANG | O140: =VLOOKUP(M140,$W$3:$X$1300,2,FALSE) -> 11.2642 | R140: 62128 | S140: SARA132 132.00 | T140: T2 | U140: =LEFT(S140,7) -> SARA132 | W140: =U140&T140 -> SARA132T2 | X140: 35.7174 | Z140: SARA132 132.00 | AA140: T2 | AB140: SARA132 | AD140: SARA132T2 | AE140: 35.7174 | AF140: 62128 | AH140: TGLN132T3
A141: BRBI 1 & 2 | B141: 705 & 805 | H141: =VLOOKUP(AH141,$AD$3:$AF$1300,3,FALSE) -> #N/A | I141: T2 | J141: 48.8 | K141: KSTR132 | M141: =K141&I141 -> KSTR132T2 | N141: =VLOOKUP(H141,'TNB Load'!$A$2:$F$1448,6,FALSE) -> #N/A | O141: =VLOOKUP(M141,$W$3:$X$1300,2,FALSE) -> #N/A | R141: 62112 | S141: SJAY132 132.00 | T141: T1 | U141: =LEFT(S141,7) -> SJAY132 | W141: =U141&T141 -> SJAY132T1 | X141: 42.5776 | Z141: SJAY132 132.00 | AA141: T1 | AB141: SJAY132 | AD141: SJAY132T1 | AE141: 42.5776 | AF141: 62112 | AH141: KSTR132T2
A142: TGBU 1 & 2 | B142: 905 & 1005 | H142: =VLOOKUP(AH142,$AD$3:$AF$1300,3,FALSE) -> #N/A | I142: T1 | J142: 48.8 | K142: KSTR132 | M142: =K142&I142 -> KSTR132T1 | N142: =VLOOKUP(H142,'TNB Load'!$A$2:$F$1448,6,FALSE) -> #N/A | O142: =VLOOKUP(M142,$W$3:$X$1300,2,FALSE) -> #N/A | R142: 62112 | S142: SJAY132 132.00 | T142: T2 | U142: =LEFT(S142,7) -> SJAY132 | W142: =U142&T142 -> SJAY132T2 | X142: 42.9918 | Z142: SJAY132 132.00 | AA142: T2 | AB142: SJAY132 | AD142: SJAY132T2 | AE142: 42.9918 | AF142: 62112 | AH142: KSTR132T1
A143: KBRG & CHRG/KTGU | B143: 305 & 205 | C143: 153 | E143: GBDK, KBRG, KTGU & BRKT | H143: =VLOOKUP(AH143,$AD$3:$AF$1300,3,FALSE) -> 51031 | I143: T2 | J143: 48.8 | K143: KCPK132 | M143: =K143&I143 -> KCPK132T2 | N143: =VLOOKUP(H143,'TNB Load'!$A$2:$F$1448,6,FALSE) -> SELANGOR | O143: =VLOOKUP(M143,$W$3:$X$1300,2,FALSE) -> 31.0246 | R143: 62107 | S143: SKCL132 132.00 | T143: T1 | U143: =LEFT(S143,7) -> SKCL132 | W143: =U143&T143 -> SKCL132T1 | X143: 11.552 | Z143: SKCL132 132.00 | AA143: T1 | AB143: SKCL132 | AD143: SKCL132T1 | AE143: 11.552 | AF143: 62107 | AH143: KCPK132T2
A144: KBRG/KTGU & KNYT/KTGU | B144: 205 & 305 | H144: =VLOOKUP(AH144,$AD$3:$AF$1300,3,FALSE) -> 51031 | I144: T1 | J144: 48.8 | K144: =K143 -> KCPK132 | M144: =K144&I144 -> KCPK132T1 | N144: =VLOOKUP(H144,'TNB Load'!$A$2:$F$1448,6,FALSE) -> SELANGOR | O144: =VLOOKUP(M144,$W$3:$X$1300,2,FALSE) -> 31.1292 | R144: 62107 | S144: SKCL132 132.00 | T144: T2 | U144: =LEFT(S144,7) -> SKCL132 | W144: =U144&T144 -> SKCL132T2 | X144: 9.2791 | Z144: SKCL132 132.00 | AA144: T2 | AB144: SKCL132 | AD144: SKCL132T2 | AE144: 9.2791 | AF144: 62107 | AH144: KCPK132T1
...
